customer_pk,customer_id,customer_name,state,city
1,1,David Padilla,Florida,Miami
2,2,Connor Morgan,Illinois,Chicago
3,3,Robert Stone,New York,Buffalo
4,1,David Padilla,Florida,Miami
5,2,Connor Morgan,Illinois,Chicago
6,3,Robert Stone,New York,Buffalo
7,4,John Fields,Florida,Orlando
8,5,Clayton Smith,Florida,Miami
9,6,Richard Kelley,California,Los Angeles
10,6,Richard Kelley,California,Los Angeles
11,7,Jacqueline Hubbard,New York,New York City
12,8,Jessica Anderson,New York,New York City
13,9,Mary Taylor,Florida,Orlando
14,9,Mary Taylor,Florida,Orlando
15,9,Mary Taylor,Florida,Orlando
16,10,Walter Crawford,Illinois,Springfield
17,10,Walter Crawford,Illinois,Springfield
18,11,Lawrence Robinson,New York,Rochester
19,11,Lawrence Robinson,New York,Rochester
20,12,Douglas Pennington,Texas,Dallas
21,13,Ricardo Andrews,California,San Diego
22,14,Paul Raymond,California,San Diego
23,14,Paul Raymond,California,San Diego
24,15,Karen Johnson,New York,Rochester
25,15,Karen Johnson,New York,Rochester
26,15,Karen Johnson,New York,Rochester
27,16,Juan Erickson,Texas,Austin
28,17,Alexander Reed,New York,New York City
29,18,Jacqueline Harris,California,San Francisco
30,19,Tyler Park,California,San Francisco
31,20,Richard Wolfe,Ohio,Columbus
32,21,Sierra Rios,Florida,Orlando
33,21,Sierra Rios,Florida,Orlando
34,22,Jessica Richardson,California,San Diego
35,23,Kimberly Warren,Ohio,Cincinnati
36,22,Jessica Richardson,California,San Diego
37,23,Kimberly Warren,Ohio,Cincinnati
38,24,Casey Garcia,Florida,Orlando
39,24,Casey Garcia,Florida,Orlando
40,25,Denise Hampton,California,San Francisco
41,25,Denise Hampton,California,San Francisco
42,25,Denise Hampton,California,San Francisco
43,26,Justin Rodriguez,Ohio,Cleveland
44,27,Ms. Emily Baxter,New York,Rochester
45,28,Austin White,California,Los Angeles
46,26,Justin Rodriguez,Ohio,Cleveland
47,27,Ms. Emily Baxter,New York,Rochester
48,28,Austin White,California,Los Angeles
49,29,Morgan Montes,California,San Diego
50,30,Christine Mosley,Ohio,Cincinnati
51,31,Ashley Rodriguez,Texas,Austin
52,32,Elizabeth King,Texas,Dallas
53,29,Morgan Montes,California,San Diego
54,30,Christine Mosley,Ohio,Cincinnati
55,31,Ashley Rodriguez,Texas,Austin
56,32,Elizabeth King,Texas,Dallas
57,33,Connie Holmes,Ohio,Cincinnati
58,34,Melissa Peck,Florida,Miami
59,35,David Smith,Florida,Orlando
60,18,Jacqueline Harris,Texas,Houston
61,35,David Smith,Florida,Orlando
62,18,Jacqueline Harris,Texas,Houston
63,35,David Smith,Florida,Orlando
64,18,Jacqueline Harris,Texas,Houston
65,36,Heather Jenkins,New York,Buffalo
66,36,Heather Jenkins,New York,Buffalo
67,36,Heather Jenkins,New York,Buffalo
68,37,Kelsey Castaneda,Ohio,Cleveland
69,38,Katherine Harris,California,Los Angeles
70,37,Kelsey Castaneda,Ohio,Cleveland
71,38,Katherine Harris,California,Los Angeles
72,37,Kelsey Castaneda,Ohio,Cleveland
73,38,Katherine Harris,California,Los Angeles
74,37,Kelsey Castaneda,Ohio,Cleveland
75,38,Katherine Harris,California,Los Angeles
76,39,Paul Rogers,Florida,Miami
77,39,Paul Rogers,Florida,Miami
78,40,Jon Banks,Florida,Tampa
79,41,Michelle Williams,New York,Buffalo
80,42,Andrew Allen,California,San Diego
81,42,Andrew Allen,California,San Diego
82,42,Andrew Allen,California,San Diego
83,42,Andrew Allen,California,San Diego
84,43,Vanessa Bauer,New York,Buffalo
85,44,Sean Smith,Ohio,Cleveland
86,43,Vanessa Bauer,New York,Buffalo
87,44,Sean Smith,Ohio,Cleveland
88,45,Shelly Sweeney,New York,New York City
89,45,Shelly Sweeney,New York,New York City
90,46,Emily Gill,Illinois,Springfield
91,47,Brian Patrick,Florida,Tampa
92,48,Dr. Sarah Booth,Ohio,Cincinnati
93,49,Douglas Mcfarland,Ohio,Cleveland
94,50,Kayla Ross,Illinois,Peoria
95,51,Marc Strickland,Florida,Orlando
96,51,Marc Strickland,Florida,Orlando
97,52,Charlene Brown,Florida,Miami
98,53,Charles Smith,Ohio,Columbus
99,54,Karen Townsend,Texas,Houston
100,54,Karen Townsend,Texas,Houston
101,54,Karen Townsend,Texas,Houston
102,55,Steven Cox,California,Los Angeles
103,56,Cynthia Rodriguez,New York,Rochester
104,57,Jessica Baker,Texas,Austin
105,58,Mark Blackburn,Texas,Dallas
106,59,Zachary Perez,Texas,Austin
107,60,Brian Green,California,San Diego
108,59,Zachary Perez,Texas,Austin
109,60,Brian Green,California,San Diego
110,59,Zachary Perez,Texas,Austin
111,60,Brian Green,California,San Diego
112,61,Becky Leach,Florida,Miami
113,62,Bryan Russell,Texas,Dallas
114,63,Tony Maddox,California,San Francisco
115,62,Bryan Russell,Texas,Dallas
116,63,Tony Maddox,California,San Francisco
117,64,Jason Randolph,California,San Francisco
118,65,Laura Andrews,New York,New York City
119,66,Mrs. Stephanie Hooper,California,San Francisco
120,67,Anthony Evans,Ohio,Cleveland
121,68,Patrick Williams,New York,Rochester
122,69,Susan Burke,Texas,Austin
123,70,Brent Hernandez,New York,Rochester
124,68,Patrick Williams,New York,Rochester
125,69,Susan Burke,Texas,Austin
126,70,Brent Hernandez,New York,Rochester
127,71,Sean Elliott,California,San Francisco
128,72,Wanda West,Ohio,Cleveland
129,71,Sean Elliott,California,San Francisco
130,72,Wanda West,Ohio,Cleveland
131,73,Renee Solomon,Florida,Tampa
132,73,Renee Solomon,Florida,Tampa
133,73,Renee Solomon,Florida,Tampa
134,73,Renee Solomon,Florida,Tampa
135,74,Daryl Miles,Florida,Orlando
136,74,Daryl Miles,Florida,Orlando
137,75,Michael Hunt,Texas,Dallas
138,75,Michael Hunt,Texas,Dallas
139,75,Michael Hunt,Texas,Dallas
140,76,Adam Clark,California,San Francisco
141,77,Amy Olsen,Illinois,Springfield
142,78,Stacey Miller,California,San Diego
143,76,Adam Clark,California,San Francisco
144,77,Amy Olsen,Illinois,Springfield
145,78,Stacey Miller,California,San Diego
146,79,Daniel Mosley,California,Los Angeles
147,79,Daniel Mosley,California,Los Angeles
148,79,Daniel Mosley,California,Los Angeles
149,79,Daniel Mosley,California,Los Angeles
150,80,Monica Gibson,Illinois,Springfield
151,80,Monica Gibson,Illinois,Springfield
152,80,Monica Gibson,Illinois,Springfield
153,81,Christopher Jordan,Ohio,Columbus
154,82,Christina Davis,Illinois,Chicago
155,83,Claudia Curry,Texas,Austin
156,82,Christina Davis,Illinois,Chicago
157,83,Claudia Curry,Texas,Austin
158,82,Christina Davis,Illinois,Chicago
159,83,Claudia Curry,Texas,Austin
160,82,Christina Davis,Illinois,Chicago
161,83,Claudia Curry,Texas,Austin
162,84,Brandon Anderson,Texas,Austin
163,85,George Foster,Texas,Dallas
164,86,Nicholas Anderson,Florida,Orlando
165,87,Emily Ellison,California,Los Angeles
166,85,George Foster,Texas,Dallas
167,86,Nicholas Anderson,Florida,Orlando
168,87,Emily Ellison,California,Los Angeles
169,85,George Foster,Texas,Dallas
170,86,Nicholas Anderson,Florida,Orlando
171,87,Emily Ellison,California,Los Angeles
172,88,Darren Perez,Texas,Austin
173,89,Michelle Hunter,Ohio,Cincinnati
174,90,Janet Guerrero,New York,Rochester
175,91,Jeffrey Kline,Florida,Miami
176,92,Ryan Bullock,Florida,Tampa
177,91,Jeffrey Kline,Florida,Miami
178,92,Ryan Bullock,Florida,Tampa
179,93,Tom Lawson,New York,Buffalo
180,94,Rebecca Smith,Texas,Dallas
181,94,Rebecca Smith,Texas,Dallas
182,95,William Welch,Florida,Orlando
183,95,William Welch,Florida,Orlando
184,96,Mr. Curtis Bailey,Florida,Tampa
185,96,Mr. Curtis Bailey,Florida,Tampa
186,97,Janet Carlson,Florida,Miami
187,97,Janet Carlson,Florida,Miami
188,98,Spencer Spears,Illinois,Chicago
189,98,Spencer Spears,Illinois,Chicago
190,99,Jeffrey Middleton,New York,Buffalo
191,100,Veronica Kelley,Florida,Orlando
192,101,Leslie Bean,Illinois,Springfield
193,99,Jeffrey Middleton,New York,Buffalo
194,100,Veronica Kelley,Florida,Orlando
195,101,Leslie Bean,Illinois,Springfield
196,102,Amy Wilson,California,Los Angeles
197,102,Amy Wilson,California,Los Angeles
198,103,Susan Ramirez,Ohio,Cleveland
199,104,Jacob Meyer,Illinois,Peoria
200,104,Jacob Meyer,Illinois,Peoria
201,105,Scott Lewis,Texas,Houston
202,106,Eric Griffith,Illinois,Chicago
203,107,Anna Ferguson,California,San Francisco
204,105,Scott Lewis,Texas,Houston
205,106,Eric Griffith,Illinois,Chicago
206,107,Anna Ferguson,California,San Francisco
207,105,Scott Lewis,Texas,Houston
208,106,Eric Griffith,Illinois,Chicago
209,107,Anna Ferguson,California,San Francisco
210,105,Scott Lewis,Texas,Houston
211,106,Eric Griffith,Illinois,Chicago
212,107,Anna Ferguson,California,San Francisco
213,108,David Figueroa,Florida,Miami
214,109,Theresa Medina,Illinois,Springfield
215,109,Theresa Medina,Illinois,Springfield
216,110,Mary Smith,Florida,Miami
217,111,Lance Cain,Florida,Tampa
218,112,Alexandra Moran,California,San Francisco
219,113,Sara Castro,Illinois,Chicago
220,114,Shawn Leach,Illinois,Peoria
221,115,Mark Boyle,New York,Buffalo
222,116,John Stevens,California,San Francisco
223,117,Lisa Graham,Illinois,Peoria
224,118,Nancy Jones,Ohio,Cleveland
225,118,Nancy Jones,Ohio,Cleveland
226,118,Nancy Jones,Ohio,Cleveland
227,119,Darryl Robbins,Illinois,Peoria
228,120,Kimberly Smith,Illinois,Springfield
229,120,Kimberly Smith,Illinois,Springfield
230,121,Maria Thomas,Florida,Miami
231,122,Nicholas Johnson,Texas,Dallas
232,121,Maria Thomas,Florida,Miami
233,122,Nicholas Johnson,Texas,Dallas
234,123,Dawn Howard,Texas,Houston
235,123,Dawn Howard,Texas,Houston
236,123,Dawn Howard,Texas,Houston
237,124,Jennifer Marshall,California,San Francisco
238,125,Frank Garcia,New York,Buffalo
239,126,Terri Madden,New York,Rochester
240,126,Terri Madden,New York,Rochester
241,127,James Gutierrez,New York,Rochester
242,127,James Gutierrez,New York,Rochester
243,128,Morgan Sellers,California,Los Angeles
244,128,Morgan Sellers,California,Los Angeles
245,129,Caitlin Thomas,New York,New York City
246,130,Kimberly Greene,Florida,Orlando
247,131,Tammy Anthony,Ohio,Cleveland
248,132,Jennifer Chase,New York,Buffalo
249,133,Cassandra Farley,Florida,Orlando
250,131,Tammy Anthony,Ohio,Cleveland
251,132,Jennifer Chase,New York,Buffalo
252,133,Cassandra Farley,Florida,Orlando
253,134,Justin Vasquez,Texas,Houston
254,135,Melissa Morales,Texas,Houston
255,136,Tyler Thompson,Texas,Dallas
256,137,Heidi Davis,New York,Buffalo
257,137,Heidi Davis,New York,Buffalo
258,138,Charles Lane,Texas,Dallas
259,139,Joyce Good MD,Florida,Miami
260,140,Maria Miller,New York,Buffalo
261,141,Terry Mcdaniel,Ohio,Cincinnati
262,142,Lisa Jacobs,New York,Buffalo
263,143,Jeff Duncan,Ohio,Cincinnati
264,144,Pamela Jones,New York,New York City
265,145,Renee Robinson,Ohio,Columbus
266,145,Renee Robinson,Ohio,Columbus
267,146,Jessica Kidd,New York,Buffalo
268,147,Nicholas Martin,Florida,Tampa
269,146,Jessica Kidd,New York,Buffalo
270,147,Nicholas Martin,Florida,Tampa
271,146,Jessica Kidd,New York,Buffalo
272,147,Nicholas Martin,Florida,Tampa
273,148,David Brown,Illinois,Peoria
274,149,Amber Moore,New York,New York City
275,149,Amber Moore,New York,New York City
276,150,James Williams,California,San Francisco
277,151,Karina Barr,Texas,Dallas
278,151,Karina Barr,Texas,Dallas
279,152,Meghan Rush,Ohio,Cleveland
280,153,Bianca Brown,Ohio,Columbus
281,153,Bianca Brown,Ohio,Columbus
282,154,Timothy Jensen,Florida,Orlando
283,154,Timothy Jensen,Florida,Orlando
284,155,Melinda Montoya,California,San Francisco
285,155,Melinda Montoya,California,San Francisco
286,156,Tammy Bell,Ohio,Cincinnati
287,156,Tammy Bell,Ohio,Cincinnati
288,156,Tammy Bell,Ohio,Cincinnati
289,157,Connie Richards,Ohio,Cleveland
290,158,Peter Ward,New York,Rochester
291,157,Connie Richards,Ohio,Cleveland
292,158,Peter Ward,New York,Rochester
293,159,Jonathan Alvarez,Ohio,Columbus
294,160,Becky Hodges,Texas,Houston
295,159,Jonathan Alvarez,Ohio,Columbus
296,160,Becky Hodges,Texas,Houston
297,161,Larry Hill,New York,New York City
298,162,Amber Moon,Ohio,Cleveland
299,161,Larry Hill,New York,New York City
300,162,Amber Moon,Ohio,Cleveland
301,163,Cynthia Wilcox,Illinois,Chicago
302,163,Cynthia Wilcox,Illinois,Chicago
303,164,Rebecca Wright,New York,Rochester
304,165,Sarah Flores,Illinois,Springfield
305,164,Rebecca Wright,New York,Rochester
306,165,Sarah Flores,Illinois,Springfield
307,166,Carol Norman,New York,Rochester
308,167,Stephanie Gardner,California,San Diego
309,168,Philip Baker,Illinois,Peoria
310,169,Randall Dennis,Florida,Orlando
311,170,Suzanne Cross,Texas,Austin
312,170,Suzanne Cross,Texas,Austin
313,170,Suzanne Cross,Texas,Austin
314,171,Jasmine Delgado,Illinois,Chicago
315,172,Kristen Harper,New York,Buffalo
316,171,Jasmine Delgado,Illinois,Chicago
317,172,Kristen Harper,New York,Buffalo
318,173,Kaitlyn Graham MD,New York,New York City
319,174,Dean Avila,Ohio,Cincinnati
320,174,Dean Avila,Ohio,Cincinnati
321,174,Dean Avila,Ohio,Cincinnati
322,175,Megan Mack,Texas,Austin
323,175,Megan Mack,Texas,Austin
324,176,Heather Johnson,California,Los Angeles
325,177,Tina Davies,Illinois,Chicago
326,178,Matthew Harris,Texas,Dallas
327,178,Matthew Harris,Texas,Dallas
328,179,Christopher Kirk,Florida,Miami
329,180,Eric Stevens,Florida,Miami
330,179,Christopher Kirk,Florida,Miami
331,180,Eric Stevens,Florida,Miami
332,181,James Dickerson,Texas,Houston
333,182,James Jones,Texas,Dallas
334,183,Hannah Hendricks,Ohio,Cleveland
335,184,Brett Mullins,Florida,Orlando
336,185,Ms. Kim Jordan,Illinois,Chicago
337,186,Marcus Santiago,New York,Buffalo
338,186,Marcus Santiago,New York,Buffalo
339,186,Marcus Santiago,New York,Buffalo
340,187,Jill Perez,California,San Diego
341,187,Jill Perez,California,San Diego
342,187,Jill Perez,California,San Diego
343,188,Courtney Williams,Ohio,Columbus
344,189,Jordan Hahn,New York,Rochester
345,190,William Cook,Ohio,Cleveland
346,191,Stephanie Hayes,Texas,Austin
347,191,Stephanie Hayes,Texas,Austin
348,192,Melissa Wise,Ohio,Columbus
349,193,Elizabeth Gonzalez,California,San Diego
350,193,Elizabeth Gonzalez,California,San Diego
351,193,Elizabeth Gonzalez,California,San Diego
352,194,Mr. Eric Lopez,New York,Buffalo
353,195,Benjamin Higgins,New York,Rochester
354,195,Benjamin Higgins,New York,Rochester
355,196,Brett Sutton,Texas,Austin
356,197,Anna Blackburn,Ohio,Cincinnati
357,198,Michelle Bailey,Texas,Dallas
358,196,Brett Sutton,Texas,Austin
359,197,Anna Blackburn,Ohio,Cincinnati
360,198,Michelle Bailey,Texas,Dallas
361,196,Brett Sutton,Texas,Austin
362,197,Anna Blackburn,Ohio,Cincinnati
363,198,Michelle Bailey,Texas,Dallas
364,196,Brett Sutton,Texas,Austin
365,197,Anna Blackburn,Ohio,Cincinnati
366,198,Michelle Bailey,Texas,Dallas
367,199,Sara Peterson,Illinois,Chicago
368,200,Katherine Williams,Florida,Orlando
369,200,Katherine Williams,Florida,Orlando
370,200,Katherine Williams,Florida,Orlando
371,201,Cory Evans,Florida,Orlando
372,201,Cory Evans,Florida,Orlando
373,201,Cory Evans,Florida,Orlando
374,201,Cory Evans,Florida,Orlando
375,202,Michael Rodriguez,Ohio,Cincinnati
376,202,Michael Rodriguez,Ohio,Cincinnati
377,203,John Munoz,Texas,Dallas
378,204,David Clark,Florida,Tampa
379,205,April Welch,Illinois,Springfield
380,205,April Welch,Illinois,Springfield
381,206,Alan Livingston,Illinois,Peoria
382,207,Angela Jackson,Texas,Dallas
383,208,Amy Williams,Texas,Austin
384,209,Laura Jordan,Texas,Dallas
385,210,Richard Maynard,Ohio,Cincinnati
386,211,Lawrence Oliver,Illinois,Springfield
387,212,Anthony Williams,New York,Rochester
388,212,Anthony Williams,New York,Rochester
389,213,Lynn Matthews,Texas,Dallas
390,214,Andrew Griffin,Illinois,Chicago
391,214,Andrew Griffin,Illinois,Chicago
392,214,Andrew Griffin,Illinois,Chicago
393,215,Megan Williams,Illinois,Chicago
394,216,Alison Martin,New York,Buffalo
395,217,Samuel Wallace,California,San Francisco
396,218,Manuel Stark,Illinois,Springfield
397,219,William Villarreal,Florida,Orlando
398,220,Brandon Kirk,Ohio,Cleveland
399,221,Abigail Brown,California,Los Angeles
400,222,Kristine Carter,Texas,Houston
401,223,Wesley Deleon,Illinois,Springfield
402,223,Wesley Deleon,Illinois,Springfield
403,224,Laura Cole,Florida,Tampa
404,225,Lauren Harris,Ohio,Cleveland
405,225,Lauren Harris,Ohio,Cleveland
406,225,Lauren Harris,Ohio,Cleveland
407,226,Cameron Miller,Illinois,Chicago
408,227,Jacob Carpenter,New York,Buffalo
409,228,Pamela Callahan DVM,Ohio,Columbus
410,229,William Ruiz,Florida,Miami
411,230,Paula Marshall,Texas,Dallas
412,231,Natalie Cox,Florida,Orlando
413,232,Andrew Fernandez,Ohio,Cincinnati
414,232,Andrew Fernandez,Ohio,Cincinnati
415,232,Andrew Fernandez,Ohio,Cincinnati
416,233,Alisha Saunders,California,San Francisco
417,234,Travis Chandler DDS,New York,Rochester
418,235,Russell Austin,New York,New York City
419,236,Collin Cameron,California,San Francisco
420,237,Elizabeth Hernandez,Florida,Orlando
421,238,William Russell,Texas,Austin
422,239,Sheri Berg,California,Los Angeles
423,238,William Russell,Texas,Austin
424,239,Sheri Berg,California,Los Angeles
425,240,Anthony Barnett,Illinois,Peoria
426,241,Kaitlyn Flores,Ohio,Cleveland
427,242,Rebecca Owen,Illinois,Springfield
428,243,Michael Bell,California,San Diego
429,243,Michael Bell,California,San Diego
430,244,Willie Huynh,New York,Buffalo
431,244,Willie Huynh,New York,Buffalo
432,245,Samuel Hayes,Illinois,Peoria
433,245,Samuel Hayes,Illinois,Peoria
434,246,Sherry Tran,New York,Buffalo
435,246,Sherry Tran,New York,Buffalo
436,246,Sherry Tran,New York,Buffalo
437,247,Heather Gray,Ohio,Cincinnati
438,248,Benjamin Meadows,Illinois,Peoria
439,249,Micheal Graham,New York,Buffalo
440,248,Benjamin Meadows,Illinois,Peoria
441,249,Micheal Graham,New York,Buffalo
442,248,Benjamin Meadows,Illinois,Peoria
443,249,Micheal Graham,New York,Buffalo
444,250,Jean Jackson,California,San Francisco
445,250,Jean Jackson,California,San Francisco
446,250,Jean Jackson,California,San Francisco
447,250,Jean Jackson,California,San Francisco
448,251,Timothy Murphy,California,San Francisco
449,251,Timothy Murphy,California,San Francisco
450,252,Mrs. Jennifer Lewis,California,San Francisco
451,252,Mrs. Jennifer Lewis,California,San Francisco
452,252,Mrs. Jennifer Lewis,California,San Francisco
453,253,Bryan Brown,New York,Rochester
454,254,Christopher Johnson,Florida,Miami
455,255,Christina Conner,Ohio,Columbus
456,256,Luis Luna,California,San Francisco
457,255,Christina Conner,Ohio,Columbus
458,256,Luis Luna,California,San Francisco
459,255,Christina Conner,Ohio,Columbus
460,256,Luis Luna,California,San Francisco
461,257,Julie Chavez,Ohio,Cincinnati
462,258,Richard Blair,Florida,Miami
463,258,Richard Blair,Florida,Miami
464,258,Richard Blair,Florida,Miami
465,259,Mitchell Lester,Illinois,Chicago
466,260,Mr. John Tyler PhD,Texas,Houston
467,261,Juan Kelly,Florida,Miami
468,259,Mitchell Lester,Illinois,Chicago
469,260,Mr. John Tyler PhD,Texas,Houston
470,261,Juan Kelly,Florida,Miami
471,262,Morgan Mccarthy,Texas,Dallas
472,263,Morgan Sullivan,Texas,Houston
473,264,Eric Clark,Florida,Orlando
474,264,Eric Clark,Florida,Orlando
475,265,Mark Padilla,California,San Diego
476,266,Anthony Lane,Ohio,Cleveland
477,267,Jeffrey Henderson,Florida,Tampa
478,268,Michelle Hardy,Texas,Dallas
479,267,Jeffrey Henderson,Florida,Tampa
480,268,Michelle Hardy,Texas,Dallas
481,269,Ms. Barbara Cervantes,New York,Rochester
482,269,Ms. Barbara Cervantes,New York,Rochester
483,270,Steven Proctor,Texas,Austin
484,271,Shannon Patterson,Illinois,Springfield
485,272,William Valdez,California,San Diego
486,272,William Valdez,California,San Diego
487,272,William Valdez,California,San Diego
488,273,Laura Yu,Texas,Houston
489,274,Jonathan Mcmillan,New York,Buffalo
490,274,Jonathan Mcmillan,New York,Buffalo
491,275,Austin Davis,California,San Diego
492,276,Mark Roy,California,San Francisco
493,275,Austin Davis,California,San Diego
494,276,Mark Roy,California,San Francisco
495,277,Jillian Williams,California,San Diego
496,278,Rebekah Carter,Florida,Orlando
497,279,Jonathan Reed,California,San Francisco
498,277,Jillian Williams,California,San Diego
499,278,Rebekah Carter,Florida,Orlando
500,279,Jonathan Reed,California,San Francisco
501,280,Roger Harris,Illinois,Springfield
502,280,Roger Harris,Illinois,Springfield
503,280,Roger Harris,Illinois,Springfield
504,281,Louis Jimenez,Florida,Tampa
505,282,Jessica Jones,Illinois,Peoria
506,283,Renee Gomez,Florida,Miami
507,284,Connie Olson,Texas,Houston
508,281,Louis Jimenez,Florida,Tampa
509,282,Jessica Jones,Illinois,Peoria
510,283,Renee Gomez,Florida,Miami
511,284,Connie Olson,Texas,Houston
512,285,Christian Jones,New York,Buffalo
513,286,Matthew Kelley,Florida,Orlando
514,287,Candace Martinez,Florida,Tampa
515,288,Jacob Mann,Texas,Austin
516,289,Keith Reese,Texas,Austin
517,290,Aaron Jones,Texas,Austin
518,290,Aaron Jones,Texas,Austin
519,291,Christopher Brooks,Illinois,Peoria
520,292,Charles Moore,Florida,Miami
521,292,Charles Moore,Florida,Miami
522,293,Manuel Walls,Texas,Houston
523,294,Darren Moore,Illinois,Peoria
524,295,Stephanie Thomas,New York,Rochester
525,296,Kristy Hernandez,California,San Diego
526,294,Darren Moore,Illinois,Peoria
527,295,Stephanie Thomas,New York,Rochester
528,296,Kristy Hernandez,California,San Diego
529,297,Randy Johnson,Ohio,Columbus
530,297,Randy Johnson,Ohio,Columbus
531,297,Randy Johnson,Ohio,Columbus
532,298,James Benitez,Florida,Miami
533,299,Donald York,New York,Buffalo
534,300,Tiffany Parker,Texas,Houston
535,299,Donald York,New York,Buffalo
536,300,Tiffany Parker,Texas,Houston
537,301,Melissa Mcknight,California,Los Angeles
538,301,Melissa Mcknight,California,Los Angeles
539,301,Melissa Mcknight,California,Los Angeles
540,302,Mr. Jack Mercado,Ohio,Cincinnati
541,285,Christian Jones,New York,Rochester
542,303,Rachel Fisher,Illinois,Peoria
543,304,Donald Moore,New York,Rochester
544,305,William Wu,Florida,Tampa
545,306,Jesus Zuniga,Texas,Houston
546,307,Michael Gallegos,California,Los Angeles
547,308,Robert Daniels,Illinois,Chicago
548,307,Michael Gallegos,California,Los Angeles
549,308,Robert Daniels,Illinois,Chicago
550,309,Jill Jones,New York,New York City
551,309,Jill Jones,New York,New York City
552,310,Elizabeth Miller,Illinois,Springfield
553,311,Sabrina Clark,California,Los Angeles
554,312,Larry Casey,Illinois,Chicago
555,313,Daniel Burns,New York,Rochester
556,314,James Tanner,Texas,Houston
557,315,Leonard Gonzalez,California,San Francisco
558,316,Richard Lee,New York,Buffalo
559,317,Matthew Schroeder,Ohio,Cleveland
560,315,Leonard Gonzalez,California,San Francisco
561,316,Richard Lee,New York,Buffalo
562,317,Matthew Schroeder,Ohio,Cleveland
563,318,Marcus Flores,California,Los Angeles
564,319,Tonya Long,Florida,Miami
565,320,Michael Chambers,California,Los Angeles
566,321,Kaylee Glover,Illinois,Springfield
567,322,Pamela Patterson,California,San Francisco
568,321,Kaylee Glover,Illinois,Springfield
569,322,Pamela Patterson,California,San Francisco
570,321,Kaylee Glover,Illinois,Springfield
571,322,Pamela Patterson,California,San Francisco
572,323,Ronald Mckinney,Texas,Austin
573,324,James Hart,Illinois,Chicago
574,323,Ronald Mckinney,Texas,Austin
575,324,James Hart,Illinois,Chicago
576,325,Rhonda Harris,Florida,Orlando
577,326,Randy Fisher,Texas,Houston
578,327,James Hernandez,California,San Francisco
579,327,James Hernandez,California,San Francisco
580,328,Brenda Murphy,California,San Francisco
581,328,Brenda Murphy,California,San Francisco
582,328,Brenda Murphy,California,San Francisco
583,329,Andrew Kirby,California,San Diego
584,330,Justin Thomas,California,San Francisco
585,331,Jillian Johnson MD,California,San Diego
586,332,William Martin,Ohio,Columbus
587,333,Mark Dixon,Ohio,Cincinnati
588,333,Mark Dixon,Ohio,Cincinnati
589,333,Mark Dixon,Ohio,Cincinnati
590,334,Alicia Allen,Texas,Dallas
591,335,Cynthia Meyer,Florida,Tampa
592,336,Brandon Norton,Illinois,Springfield
593,337,Christina Scott,Florida,Tampa
594,338,Andrew Macias,Texas,Austin
595,339,Alejandro Williams,Illinois,Springfield
596,340,Mark Rodriguez,New York,New York City
597,341,Sarah Montgomery,Illinois,Chicago
598,342,Marisa Prince,New York,Buffalo
599,343,James Bonilla,California,San Diego
600,344,Robin Myers,Texas,Dallas
601,345,Nancy Sanchez,Illinois,Springfield
602,346,Sydney Walls,Illinois,Chicago
603,345,Nancy Sanchez,Illinois,Springfield
604,346,Sydney Walls,Illinois,Chicago
605,347,Deborah Hoffman,Florida,Miami
606,347,Deborah Hoffman,Florida,Miami
607,215,Megan Williams,Texas,Dallas
608,215,Megan Williams,Texas,Dallas
609,348,Shane Clark,California,San Diego
610,349,Steven Haynes,Illinois,Springfield
611,350,Kimberly Fuller,New York,Buffalo
612,351,Angela Lyons,New York,New York City
613,351,Angela Lyons,New York,New York City
614,352,Betty Tucker,Ohio,Cincinnati
615,353,Brianna Hunt,Florida,Miami
616,354,Cathy Clark,Florida,Tampa
617,355,Nicole Warren,California,Los Angeles
618,356,Richard Castaneda,Ohio,Cleveland
619,357,Sarah Torres,California,San Diego
620,356,Richard Castaneda,Ohio,Cleveland
621,357,Sarah Torres,California,San Diego
622,358,Vanessa Deleon,Florida,Tampa
623,359,Richard Lyons,Texas,Dallas
624,360,Eric Adams,Illinois,Springfield
625,361,Chad Brown,Florida,Orlando
626,362,Kayla Becker,California,Los Angeles
627,363,Ashley Freeman,Florida,Tampa
628,364,Scott Harris,California,Los Angeles
629,365,John James,Ohio,Columbus
630,366,Jesse Bond,Illinois,Springfield
631,367,Brandon Hughes,Texas,Dallas
632,368,Lynn Reynolds,Ohio,Cincinnati
633,367,Brandon Hughes,Texas,Dallas
634,368,Lynn Reynolds,Ohio,Cincinnati
635,369,Ronald Good,Florida,Miami
636,370,Kyle Baker,Texas,Houston
637,370,Kyle Baker,Texas,Houston
638,371,Michael Rivera,California,Los Angeles
639,371,Michael Rivera,California,Los Angeles
640,372,Lori Adkins,California,San Diego
641,372,Lori Adkins,California,San Diego
642,373,Luis Warner,New York,New York City
643,374,Donald Perry,Florida,Orlando
644,374,Donald Perry,Florida,Orlando
645,375,Adam Stevens,New York,Buffalo
646,376,Kimberly Johnson,New York,Buffalo
647,377,Kelly Jones,New York,Rochester
648,376,Kimberly Johnson,New York,Buffalo
649,377,Kelly Jones,New York,Rochester
650,378,Ashley Petty,Illinois,Peoria
651,379,Crystal Ross,Texas,Austin
652,380,Alexis Duffy,California,Los Angeles
653,381,Stephanie Sanchez,Florida,Miami
654,382,Reginald Espinoza,Ohio,Cleveland
655,383,Sandra Hicks,California,San Diego
656,383,Sandra Hicks,California,San Diego
657,384,Olivia Orozco,Texas,Austin
658,385,Larry Moore,Florida,Tampa
659,386,Mrs. Rachel Cannon DDS,Florida,Tampa
660,387,Daniel Flowers,Illinois,Springfield
661,388,Randy Acosta,Florida,Tampa
662,389,Deborah Williams,Illinois,Chicago
663,390,Robert Michael,Texas,Austin
664,391,Danny Ramirez,New York,New York City
665,391,Danny Ramirez,New York,New York City
666,392,Stephen Baker,Ohio,Columbus
667,393,Jeffrey Wilcox,Illinois,Peoria
668,392,Stephen Baker,Ohio,Columbus
669,393,Jeffrey Wilcox,Illinois,Peoria
670,394,James Clarke,Texas,Dallas
671,395,Julia Gallagher,Texas,Houston
672,396,Ronald Frey Jr.,New York,New York City
673,394,James Clarke,Texas,Dallas
674,395,Julia Gallagher,Texas,Houston
675,396,Ronald Frey Jr.,New York,New York City
676,397,Megan Charles,Florida,Tampa
677,397,Megan Charles,Florida,Tampa
678,398,Amy Duran MD,Florida,Orlando
679,398,Amy Duran MD,Florida,Orlando
680,398,Amy Duran MD,Florida,Orlando
681,399,Christopher Thomas,New York,New York City
682,399,Christopher Thomas,New York,New York City
683,400,Peter Castro,Texas,Dallas
684,400,Peter Castro,Texas,Dallas
685,401,Steven Acosta,Florida,Orlando
686,402,Lindsay Jackson,Texas,Austin
687,403,Kelly Smith,Ohio,Cleveland
688,404,Sabrina Hartman,Florida,Tampa
689,403,Kelly Smith,Ohio,Cleveland
690,404,Sabrina Hartman,Florida,Tampa
691,403,Kelly Smith,Ohio,Cleveland
692,404,Sabrina Hartman,Florida,Tampa
693,403,Kelly Smith,Ohio,Cleveland
694,404,Sabrina Hartman,Florida,Tampa
695,405,Cynthia Smith,New York,Rochester
696,406,Olivia Dickerson,New York,Buffalo
697,407,Whitney Stout,Texas,Austin
698,408,Stephanie Flores,California,San Diego
699,409,Gregory English,California,Los Angeles
700,410,Natalie Maxwell,New York,New York City
701,411,Tina Blake,New York,Buffalo
702,412,Clarence Cooke,California,San Francisco
703,411,Tina Blake,New York,Buffalo
704,412,Clarence Cooke,California,San Francisco
705,413,Tamara Guzman,New York,Buffalo
706,413,Tamara Guzman,New York,Buffalo
707,414,Marissa Hartman,New York,Buffalo
708,415,Sara Garcia,Illinois,Peoria
709,416,Kathryn Rogers,Ohio,Columbus
710,417,Kyle Dickson,Texas,Dallas
711,418,Jacob Decker,Florida,Tampa
712,419,Aaron Johnson,New York,Rochester
713,419,Aaron Johnson,New York,Rochester
714,420,William Morse,New York,Rochester
715,421,Carrie Smith,Illinois,Peoria
716,420,William Morse,New York,Rochester
717,421,Carrie Smith,Illinois,Peoria
718,422,Vincent Roth,California,Los Angeles
719,423,Andrew Benson,Florida,Orlando
720,424,Jason Wilson,Texas,Austin
721,425,Colin Patterson,New York,New York City
722,425,Colin Patterson,New York,New York City
723,426,Eric Bates,Ohio,Columbus
724,427,Steven Keith,California,San Francisco
725,428,Seth Rodriguez,Florida,Tampa
726,429,Lauren Jones,Ohio,Cincinnati
727,430,Thomas Wallace,Texas,Dallas
728,431,Mr. Daniel Wilson,Ohio,Cincinnati
729,432,Julie Smith MD,New York,Rochester
730,429,Lauren Jones,Ohio,Cincinnati
731,430,Thomas Wallace,Texas,Dallas
732,431,Mr. Daniel Wilson,Ohio,Cincinnati
733,432,Julie Smith MD,New York,Rochester
734,433,Carol Mitchell,Illinois,Chicago
735,433,Carol Mitchell,Illinois,Chicago
736,433,Carol Mitchell,Illinois,Chicago
737,434,John Thompson,Texas,Austin
738,435,Debra Rodriguez,Florida,Tampa
739,436,Erin Vasquez,Florida,Orlando
740,437,Clayton Lara,Florida,Miami
741,437,Clayton Lara,Florida,Miami
742,437,Clayton Lara,Florida,Miami
743,437,Clayton Lara,Florida,Miami
744,438,Tony Ray,Ohio,Cleveland
745,439,Steven Frey,Florida,Miami
746,440,Stephanie Leonard,New York,Buffalo
747,441,Crystal Chambers,New York,New York City
748,442,Robert White,Florida,Orlando
749,443,Sylvia Barron,New York,Rochester
750,438,Tony Ray,Ohio,Cleveland
751,439,Steven Frey,Florida,Miami
752,440,Stephanie Leonard,New York,Buffalo
753,441,Crystal Chambers,New York,New York City
754,442,Robert White,Florida,Orlando
755,443,Sylvia Barron,New York,Rochester
756,444,Marcus Brown,Illinois,Chicago
757,445,Annette Pierce,New York,Rochester
758,444,Marcus Brown,Illinois,Chicago
759,445,Annette Pierce,New York,Rochester
760,446,Donald Hernandez,California,San Francisco
761,447,Megan Davis,Ohio,Cleveland
762,448,Robert Brooks,Texas,Houston
763,449,Miguel Alvarez,New York,Rochester
764,450,Jennifer Arnold,New York,New York City
765,450,Jennifer Arnold,New York,New York City
766,451,Jessica Blankenship,Ohio,Cincinnati
767,452,Peggy Campos,New York,Buffalo
768,453,Craig Ortega,Ohio,Cincinnati
769,454,Johnny Simon,California,Los Angeles
770,455,Keith Brooks,New York,New York City
771,456,Jason Martinez,Ohio,Columbus
772,457,Steven Herrera,California,San Diego
773,458,Beverly Lamb,Illinois,Chicago
774,458,Beverly Lamb,Illinois,Chicago
775,459,Michael Williams,Illinois,Springfield
776,460,Zachary Carpenter,California,Los Angeles
777,461,Timothy Baker,Texas,Austin
778,462,Adam James,Illinois,Chicago
779,463,Katrina Wood,Illinois,Chicago
780,464,James Murray,Texas,Dallas
781,465,Mr. Nathaniel Reeves,New York,Rochester
782,466,Jodi Wood,Ohio,Cleveland
783,467,Dr. Thomas Peterson,California,San Diego
784,468,Mario Hall,New York,New York City
785,469,Justin Rosales,Florida,Miami
786,470,Autumn Lee,Ohio,Columbus
787,471,Victoria Duran,Texas,Dallas
788,472,Barry Garcia,Illinois,Springfield
789,473,Dawn Webb,Illinois,Peoria
790,474,Patricia Sanford,Texas,Austin
791,475,William Walters,California,San Francisco
792,476,Emma Scott,New York,Buffalo
793,477,Sabrina Buckley,New York,Rochester
794,476,Emma Scott,New York,Buffalo
795,477,Sabrina Buckley,New York,Rochester
796,478,Robert Rojas,California,San Francisco
797,479,Eric Johnson,Ohio,Cleveland
798,480,Heather Parker,Texas,Austin
799,481,Thomas Matthews,Illinois,Peoria
800,482,Kimberly Beard,Ohio,Cleveland
801,483,Lydia Donovan,Illinois,Peoria
802,483,Lydia Donovan,Illinois,Peoria
803,484,Edward Johnson,Florida,Orlando
804,485,Ricky Smith,Florida,Miami
805,486,Mr. Ralph Garcia Jr.,New York,Rochester
806,486,Mr. Ralph Garcia Jr.,New York,Rochester
807,486,Mr. Ralph Garcia Jr.,New York,Rochester
808,487,Malik Walker,New York,New York City
809,488,Tanya Walker,California,San Diego
810,489,Sherri Ferguson DVM,Texas,Austin
811,490,Kristin Hart,California,San Francisco
812,491,Jim Johnson,Ohio,Cincinnati
813,492,David Hamilton,Texas,Houston
814,493,Michael Jimenez,California,Los Angeles
815,494,Angela Norman,Illinois,Springfield
816,495,Denise Mcdaniel,California,Los Angeles
817,202,Michael Rodriguez,New York,Rochester
818,496,Matthew Huff,California,San Diego
819,497,Linda Little,Florida,Tampa
820,202,Michael Rodriguez,New York,Rochester
821,496,Matthew Huff,California,San Diego
822,497,Linda Little,Florida,Tampa
823,498,Kerri Andrews,California,San Francisco
824,498,Kerri Andrews,California,San Francisco
825,499,Jeffrey Johnson III,California,San Francisco
826,500,Daniel Dixon,California,San Diego
827,501,Tiffany Robinson,Florida,Miami
828,502,Mr. Gregg Sawyer,Illinois,Peoria
829,503,John Silva,California,Los Angeles
830,504,Nathan Moss,Illinois,Springfield
831,505,Donald Medina,Texas,Houston
832,506,Charles Henderson,Florida,Tampa
833,507,Brenda Davis,California,San Francisco
834,508,Leah Calderon,Illinois,Chicago
835,509,Brandi Vasquez,New York,Rochester
836,510,Debra Richards,Florida,Tampa
837,511,Tammy Day,New York,New York City
838,512,Sheila Clay,New York,Buffalo
839,513,Nicholas Flores,Ohio,Cleveland
840,514,Jasmin Jones,Illinois,Chicago
841,515,Matthew Gardner,Florida,Tampa
842,515,Matthew Gardner,Florida,Tampa
843,516,Joseph Perkins,Florida,Orlando
844,517,Ashley Adams MD,Florida,Orlando
845,516,Joseph Perkins,Florida,Orlando
846,517,Ashley Adams MD,Florida,Orlando
847,518,Cheryl Stevens,California,San Francisco
848,519,Jorge George,New York,New York City
849,520,Ann Mooney,California,Los Angeles
850,521,James Mendoza,Ohio,Cleveland
851,522,Kaitlin Garrison,Ohio,Columbus
852,521,James Mendoza,Ohio,Cleveland
853,522,Kaitlin Garrison,Ohio,Columbus
854,523,Jeremy Jackson,Texas,Dallas
855,524,Dale Craig,California,San Diego
856,525,Joseph Hooper,New York,Buffalo
857,526,Alexander Adams,New York,Buffalo
858,527,Ashlee Mills,Florida,Orlando
859,528,Brittany Jenkins,New York,Buffalo
860,529,Eddie Gonzales,Ohio,Cleveland
861,528,Brittany Jenkins,New York,Buffalo
862,529,Eddie Gonzales,Ohio,Cleveland
863,530,Edward Valencia,Florida,Miami
864,531,Emma Bruce,Texas,Austin
865,531,Emma Bruce,Texas,Austin
866,532,Carl Wade DDS,New York,Buffalo
867,533,Brandon Alvarado,Ohio,Columbus
868,534,Jennifer Clark,Texas,Austin
869,535,David Johnson,Texas,Austin
870,536,April Marquez,Ohio,Cleveland
871,537,Joseph Guerrero,California,Los Angeles
872,538,Michael Hanson,New York,Rochester
873,536,April Marquez,Ohio,Cleveland
874,537,Joseph Guerrero,California,Los Angeles
875,538,Michael Hanson,New York,Rochester
876,539,William Hill,Texas,Dallas
877,540,Kelsey Huber,Florida,Miami
878,541,Hailey Chandler,Texas,Dallas
879,542,Cheyenne Rose,Florida,Orlando
880,543,Richard Petersen,Illinois,Chicago
881,542,Cheyenne Rose,Florida,Orlando
882,543,Richard Petersen,Illinois,Chicago
883,544,Kathryn Gray,New York,Rochester
884,545,Victor Collins,California,San Diego
885,546,Jason Hernandez,California,San Francisco
886,547,Jacob Torres,Texas,Houston
887,548,Erin Hernandez,California,Los Angeles
888,549,Jacob Guzman,Illinois,Peoria
889,550,Mike Armstrong,New York,New York City
890,551,Cindy Rowland,Illinois,Springfield
891,552,Kenneth Matthews,New York,Rochester
892,553,Susan Valdez,New York,New York City
893,554,Stephanie Manning,Florida,Orlando
894,555,Logan Galloway,New York,New York City
895,554,Stephanie Manning,Florida,Orlando
896,555,Logan Galloway,New York,New York City
897,554,Stephanie Manning,Florida,Orlando
898,555,Logan Galloway,New York,New York City
899,556,Christopher Stone,Ohio,Cincinnati
900,557,Megan Pitts,Ohio,Columbus
901,558,Richard Gardner,Ohio,Columbus
902,559,Samuel Moore,Ohio,Columbus
903,560,Robert Stokes,Florida,Orlando
904,561,Danielle Ramirez,California,San Francisco
905,559,Samuel Moore,Ohio,Columbus
906,560,Robert Stokes,Florida,Orlando
907,561,Danielle Ramirez,California,San Francisco
908,562,Taylor White,Illinois,Springfield
909,562,Taylor White,Illinois,Springfield
910,563,Jordan Krause,Ohio,Cleveland
911,564,Kimberly King,Ohio,Columbus
912,564,Kimberly King,Ohio,Columbus
913,565,Sharon Russell,California,San Diego
914,566,Kevin Cooper,Florida,Tampa
915,567,Darrell Ramos,New York,Rochester
916,568,Dr. Terry Alvarado,Florida,Tampa
917,569,Kathy Wilson,Texas,Dallas
918,569,Kathy Wilson,Texas,Dallas
919,570,Brandon Le,California,San Diego
920,571,Mary Wright,Ohio,Cincinnati
921,572,Douglas Reynolds,California,Los Angeles
922,573,Leroy Harris,Texas,Houston
923,573,Leroy Harris,Texas,Houston
924,574,Ricardo Dixon,Illinois,Springfield
925,575,Debra Smith,Texas,Austin
926,576,Jasmine James,Texas,Austin
927,577,Felicia Morton,Ohio,Columbus
928,578,Sylvia Jenkins,New York,New York City
929,579,Elizabeth White,New York,Rochester
930,579,Elizabeth White,New York,Rochester
931,580,Steven Steele,Illinois,Springfield
932,581,Amanda Ramirez,Texas,Dallas
933,582,Kyle Jackson,New York,Buffalo
934,583,Sharon Wilkins,Illinois,Chicago
935,584,Austin Hammond,Florida,Miami
936,585,Jessica Barajas,Illinois,Peoria
937,586,Jamie Jimenez,New York,Buffalo
938,587,James Carter,Ohio,Columbus
939,585,Jessica Barajas,Illinois,Peoria
940,586,Jamie Jimenez,New York,Buffalo
941,587,James Carter,Ohio,Columbus
942,588,John Williams,Florida,Miami
943,588,John Williams,Florida,Miami
944,588,John Williams,Florida,Miami
945,589,Alicia Oneill,Illinois,Springfield
946,590,Rebecca Huff,Illinois,Springfield
947,591,Diana Scott,California,San Diego
948,589,Alicia Oneill,Illinois,Springfield
949,590,Rebecca Huff,Illinois,Springfield
950,591,Diana Scott,California,San Diego
951,592,Brian Young,Texas,Austin
952,593,Susan Wright,California,Los Angeles
953,594,Kayla Banks,Ohio,Cincinnati
954,595,Zachary Pierce,Texas,Houston
955,596,Nicolas Owen,California,San Francisco
956,597,Martha Carney,New York,New York City
957,598,Francisco Hicks,Illinois,Springfield
958,597,Martha Carney,New York,New York City
959,598,Francisco Hicks,Illinois,Springfield
960,599,Matthew Parker,Illinois,Springfield
961,600,Paul Bryant,New York,Buffalo
962,600,Paul Bryant,New York,Buffalo
963,601,Bruce Dennis,Texas,Austin
964,602,Joseph Bates,New York,New York City
965,603,Kelly Pacheco,Texas,Houston
966,604,Jeffrey Weber,New York,Buffalo
967,605,Andrew Krueger,New York,Rochester
968,604,Jeffrey Weber,New York,Buffalo
969,605,Andrew Krueger,New York,Rochester
970,604,Jeffrey Weber,New York,Buffalo
971,605,Andrew Krueger,New York,Rochester
972,606,Kathleen Cox,New York,New York City
973,607,Jamie Bradley,California,San Diego
974,608,Robert Martinez,Texas,Houston
975,609,Christopher Rogers,Illinois,Chicago
976,610,Roberto Parrish,Illinois,Springfield
977,611,Amber Kennedy,Florida,Tampa
978,612,Maria Davis,New York,Buffalo
979,613,Terry Gilbert,Florida,Miami
980,614,Devon Schmitt,Texas,Austin
981,615,Robert Mosley,Ohio,Cincinnati
982,616,Paul Scott,California,San Francisco
983,616,Paul Scott,California,San Francisco
984,617,Kristin Alvarez,Illinois,Springfield
985,618,Kevin Jackson,New York,Buffalo
986,619,Mrs. Lauren Potter DDS,Ohio,Columbus
987,620,Jason Brown,Illinois,Chicago
988,621,Jamie Santos,California,Los Angeles
989,617,Kristin Alvarez,Illinois,Springfield
990,618,Kevin Jackson,New York,Buffalo
991,619,Mrs. Lauren Potter DDS,Ohio,Columbus
992,620,Jason Brown,Illinois,Chicago
993,621,Jamie Santos,California,Los Angeles
994,622,James Taylor,Florida,Tampa
995,623,Alicia Vincent,Ohio,Cincinnati
996,624,Kenneth Adams,Ohio,Cleveland
997,625,Shelby Browning,Illinois,Chicago
998,623,Alicia Vincent,Ohio,Cincinnati
999,624,Kenneth Adams,Ohio,Cleveland
1000,625,Shelby Browning,Illinois,Chicago
1001,623,Alicia Vincent,Ohio,Cincinnati
1002,624,Kenneth Adams,Ohio,Cleveland
1003,625,Shelby Browning,Illinois,Chicago
1004,626,Johnny Hill,California,San Diego
1005,627,Nicholas Tucker,Florida,Miami
1006,628,Theresa Cline,Ohio,Cleveland
1007,629,Christine Wheeler,Florida,Tampa
1008,630,Carlos Wells,California,San Diego
1009,631,Randall Bell,New York,New York City
1010,632,Kendra Mckinney,Florida,Miami
1011,632,Kendra Mckinney,Florida,Miami
1012,633,Amanda Kim,Ohio,Columbus
1013,634,Megan Morgan,Ohio,Cleveland
1014,635,Vincent Kramer,Florida,Orlando
1015,636,Raymond Bean,Illinois,Springfield
1016,637,Reginald Hebert,Ohio,Cincinnati
1017,638,Jeremy Vazquez,Ohio,Cleveland
1018,639,Michael Stewart,Illinois,Peoria
1019,640,Kevin Johnson,Florida,Tampa
1020,641,Tara Hughes,Florida,Tampa
1021,642,Sandra Perkins,Florida,Tampa
1022,643,Heather Bell,California,San Francisco
1023,644,Nancy Boyd,Ohio,Cincinnati
1024,645,Raymond Reyes,California,San Diego
1025,644,Nancy Boyd,Ohio,Cincinnati
1026,645,Raymond Reyes,California,San Diego
1027,646,Cassandra Jordan,Illinois,Peoria
1028,647,Evelyn Harris,New York,Buffalo
1029,648,Shannon Maynard,Florida,Orlando
1030,649,Marie James,New York,Buffalo
1031,650,Maria Carroll,Ohio,Cleveland
1032,651,Jessica Sloan,Texas,Austin
1033,652,Scott Craig,Illinois,Peoria
1034,653,Kaitlin Brown,Texas,Dallas
1035,653,Kaitlin Brown,Texas,Dallas
1036,654,William Beck,Florida,Tampa
1037,655,Eric Mason,Florida,Orlando
1038,656,Lisa Lowe,Florida,Miami
1039,657,Roy Miller,California,San Francisco
1040,658,Christopher Espinoza,Ohio,Columbus
1041,657,Roy Miller,California,San Francisco
1042,658,Christopher Espinoza,Ohio,Columbus
1043,659,Claire Cole,Texas,Houston
1044,660,Eric Nunez,California,San Diego
1045,661,David Bell,California,Los Angeles
1046,662,Patrick Hensley MD,Ohio,Cincinnati
1047,663,John Cox,Illinois,Peoria
1048,664,Michelle Sullivan,Illinois,Chicago
1049,665,Angela Todd,New York,New York City
1050,666,Luke Saunders,Texas,Dallas
1051,667,Dr. Jennifer Benton DVM,Illinois,Springfield
1052,666,Luke Saunders,Texas,Dallas
1053,667,Dr. Jennifer Benton DVM,Illinois,Springfield
1054,668,Keith Smith,Florida,Miami
1055,669,Danielle Mitchell,Illinois,Peoria
1056,670,Jesus Hernandez,California,Los Angeles
1057,671,Jason Norman,Florida,Miami
1058,672,Laura Poole,New York,Rochester
1059,673,Sarah Wagner,Texas,Houston
1060,673,Sarah Wagner,Texas,Houston
1061,674,Bryan Baird,Illinois,Peoria
1062,675,Amy Thompson,Ohio,Cincinnati
1063,676,Ashley Wright,Ohio,Cleveland
1064,677,Michelle Lynch,Illinois,Springfield
1065,678,Ryan Hale,Ohio,Cleveland
1066,679,Marie Jefferson,Florida,Orlando
1067,680,Vanessa Smith,Texas,Houston
1068,681,Ryan Foster,Ohio,Columbus
1069,682,David Lara,California,San Diego
1070,683,Jonathan Young,Illinois,Springfield
1071,684,Debra Townsend,Ohio,Cincinnati
1072,685,John Thomas,California,San Francisco
1073,686,Bryan Anderson,California,Los Angeles
1074,687,Sarah Miller,New York,New York City
1075,688,Robert Hill,Ohio,Columbus
1076,689,Joshua Rojas,Florida,Miami
1077,690,Angelica Lewis,New York,New York City
1078,691,Jessica Russell,Texas,Dallas
1079,692,Mary Johnson,New York,Rochester
1080,693,Joseph Knight,Illinois,Peoria
1081,694,Jessica Greene,New York,New York City
1082,695,Vincent Perez,New York,Rochester
1083,696,Dennis Rivera,California,San Francisco
1084,697,Nancy Keller,Texas,Dallas
1085,698,Michelle Anderson,Ohio,Cleveland
1086,699,Anthony May,Florida,Tampa
1087,700,Michelle Guerra,New York,New York City
1088,701,Meghan Ballard,New York,New York City
1089,702,Brian Wheeler,New York,Buffalo
1090,703,William Rosario,Texas,Dallas
1091,704,Jessica Hunt,Illinois,Springfield
1092,705,Tony Chavez,Ohio,Columbus
1093,706,Mary Crawford,Ohio,Cincinnati
1094,707,Roger Morrison,Ohio,Cincinnati
1095,708,Bethany Harrison,California,Los Angeles
1096,709,Lisa Mcintyre,Florida,Orlando
1097,710,Carolyn Gonzalez,Florida,Miami
1098,711,Christina Oconnell,California,San Francisco
1099,712,James Garcia,New York,Buffalo
1100,713,Emily Frederick,Texas,Austin
1101,714,Shawn Wise,California,San Francisco
1102,715,Carrie Alvarez,Illinois,Peoria
1103,715,Carrie Alvarez,Illinois,Peoria
1104,716,Matthew James,Illinois,Peoria
1105,717,Jerry Alvarado,New York,New York City
1106,718,Paul Zimmerman,New York,Rochester
1107,719,Carl Ryan,Texas,Dallas
1108,720,Kelly Roberts,New York,Buffalo
1109,721,Jack Woods,Illinois,Peoria
1110,722,Albert Alexander Jr.,Ohio,Cleveland
1111,723,Teresa Perez,Texas,Austin
1112,724,Amanda Williams,Ohio,Columbus
1113,725,Kristen Lawson,Illinois,Springfield
1114,726,Jacob Stewart,Florida,Miami
1115,727,Daniel Brooks,Illinois,Peoria
1116,728,Aaron Dunn,Illinois,Springfield
1117,729,Jacob Martinez,California,Los Angeles
1118,730,Raymond Burgess,California,San Diego
1119,731,Jennifer Cooke,California,San Francisco
1120,731,Jennifer Cooke,California,San Francisco
1121,732,Tyrone White,California,San Diego
1122,733,Charles Williams,Texas,Dallas
1123,734,Amy Page,Ohio,Columbus
1124,735,Scott Gibbs,California,Los Angeles
1125,735,Scott Gibbs,California,Los Angeles
1126,736,Angela Roberts,Ohio,Cleveland
1127,737,Kyle Hernandez,Texas,Dallas
1128,738,Cynthia Ferguson,Texas,Austin
1129,739,Brandi Garcia,California,San Francisco
1130,740,Matthew Blake,California,San Francisco
1131,741,Lauren Howell,New York,Buffalo
1132,742,Joseph Wilson,Ohio,Cincinnati
1133,743,Tanner Vance,Texas,Houston
1134,744,Michael Nash,New York,Buffalo
1135,745,Brent Thomas,Illinois,Peoria
1136,746,Harold Mitchell,Texas,Austin
1137,747,Ashley Palmer,Florida,Miami
1138,748,Stephen Hogan,California,San Diego
1139,749,George Ashley,Texas,Houston
1140,750,Sara Bailey,Ohio,Cincinnati
1141,751,Tanya Thomas MD,Texas,Dallas
1142,752,Maria Galvan,Ohio,Columbus
1143,753,Duane Kelly,New York,New York City
1144,754,Frank Reynolds,Illinois,Springfield
1145,755,Aaron Kim,New York,Buffalo
1146,755,Aaron Kim,New York,Buffalo
1147,756,David Allen,Florida,Tampa
1148,757,Monica Lee,California,San Diego
1149,350,Kimberly Fuller,Ohio,Cleveland
1150,758,Erica Scott,Illinois,Chicago
1151,759,Melissa Mitchell,Illinois,Chicago
1152,760,Joshua Murray,Texas,Dallas
1153,761,John Jones,California,San Diego
1154,762,Cheryl Johnson,Ohio,Cincinnati
1155,763,Lisa Farmer,Texas,Houston
1156,764,Christopher Walker,Ohio,Cincinnati
1157,765,Elizabeth Coffey,New York,Buffalo
1158,766,Joseph Clark,Ohio,Cincinnati
1159,767,Jamie Brewer,Illinois,Springfield
1160,768,Lauren Boyer,Texas,Dallas
1161,769,Howard Esparza,Texas,Houston
1162,770,James Hickman,Ohio,Cleveland
1163,771,Jennifer Hernandez,Ohio,Cleveland
1164,772,Shannon Warren,New York,New York City
1165,773,Ashley Aguilar,Illinois,Chicago
1166,774,Daniel Price,New York,New York City
1167,775,James Perez,Florida,Orlando
1168,776,Jerry Smith,California,San Diego
1169,777,Andre Fernandez,Florida,Orlando
1170,778,Anthony West,California,San Diego
1171,779,Amber Flowers,Florida,Tampa
1172,780,Patricia Davis,Illinois,Chicago
1173,781,Jasmine Gibbs,Texas,Austin
1174,782,Nicole Dudley,New York,New York City
1175,783,Lori Colon,New York,Buffalo
1176,784,William Carr,Texas,Dallas
1177,785,Jeffrey Dixon,New York,New York City
1178,786,Robert Sexton,California,Los Angeles
1179,787,Brooke Gonzalez,Florida,Miami
1180,788,Victoria Bryant MD,California,San Francisco
1181,789,Nancy Kennedy,Texas,Dallas
1182,790,Andrew Barry,Illinois,Peoria
1183,791,Carlos Wheeler,Ohio,Cleveland
1184,792,Isabella Roach,Illinois,Peoria
1185,793,Samantha Williams,Florida,Orlando
1186,794,Samuel Little MD,Illinois,Chicago
1187,795,Paul Taylor,California,San Francisco
1188,796,Susan Baker,California,San Diego
1189,797,Mark Fry,Texas,Austin
1190,798,Megan Mclean,New York,New York City
1191,799,Caitlin Hunt,New York,Rochester
1192,800,Jenna Holland,Texas,Austin
1193,801,Stephanie Oconnell,New York,Buffalo
1194,802,Andrea Hill,Illinois,Chicago
