order_pk,order_id,order_date,customer_pk,payment_id
1,B-26776,2023-06-27,1,1
2,B-26776,2024-12-27,2,1
3,B-26776,2021-07-25,3,1
4,B-26776,2023-06-27,4,1
5,B-26776,2024-12-27,5,1
6,B-26776,2021-07-25,6,1
7,B-26942,2024-05-11,7,2
8,B-26942,2021-10-09,8,2
9,B-26640,2022-11-18,9,3
10,B-26640,2022-11-18,10,4
11,B-25890,2023-11-12,11,1
12,B-25102,2020-03-23,12,4
13,B-25426,2020-05-04,13,2
14,B-25426,2020-05-04,14,4
15,B-25426,2020-05-04,15,1
16,B-25238,2023-11-09,16,1
17,B-25238,2023-11-09,17,5
18,B-25051,2024-12-30,18,4
19,B-25051,2024-12-30,19,4
20,B-26510,2025-02-11,20,1
21,B-26510,2024-01-23,21,1
22,B-25104,2020-11-28,22,2
23,B-25104,2020-11-28,23,5
24,B-25553,2024-05-30,24,1
25,B-25553,2024-05-30,25,4
26,B-25553,2024-05-30,26,5
27,B-26703,2022-01-23,27,3
28,B-26232,2021-12-17,28,5
29,B-26232,2023-02-03,29,5
30,B-25394,2022-10-30,30,2
31,B-25394,2022-01-15,31,2
32,B-26157,2023-12-14,32,5
33,B-26157,2023-12-14,33,5
34,B-25555,2023-07-03,34,4
35,B-25555,2021-05-08,35,4
36,B-25555,2023-07-03,36,4
37,B-25555,2021-05-08,37,4
38,B-26139,2022-10-07,38,3
39,B-26139,2022-10-07,39,2
40,B-25032,2024-08-06,40,1
41,B-25032,2024-08-06,41,5
42,B-25032,2024-08-06,42,5
43,B-25730,2022-01-05,43,5
44,B-25730,2020-10-17,44,5
45,B-25730,2023-08-21,45,5
46,B-25730,2022-01-05,46,1
47,B-25730,2020-10-17,47,1
48,B-25730,2023-08-21,48,1
49,B-26470,2024-12-27,49,3
50,B-26470,2021-06-18,50,3
51,B-26470,2023-05-27,51,3
52,B-26470,2021-10-12,52,3
53,B-26470,2024-12-27,53,1
54,B-26470,2021-06-18,54,1
55,B-26470,2023-05-27,55,1
56,B-26470,2021-10-12,56,1
57,B-25988,2022-09-19,57,3
58,B-25568,2022-03-25,58,5
59,B-26730,2022-02-26,59,2
60,B-26730,2021-04-05,60,2
61,B-26730,2022-02-26,61,5
62,B-26730,2021-04-05,62,5
63,B-26730,2022-02-26,63,4
64,B-26730,2021-04-05,64,4
65,B-25372,2020-11-16,65,2
66,B-25372,2020-11-16,66,1
67,B-25372,2020-11-16,67,4
68,B-26026,2024-12-12,68,2
69,B-26026,2023-04-06,69,2
70,B-26026,2024-12-12,70,5
71,B-26026,2023-04-06,71,5
72,B-26026,2024-12-12,72,4
73,B-26026,2023-04-06,73,4
74,B-26026,2024-12-12,74,2
75,B-26026,2023-04-06,75,2
76,B-25295,2024-01-28,76,4
77,B-25295,2024-01-28,77,3
78,B-26121,2022-01-16,78,1
79,B-26121,2022-12-16,79,1
80,B-25560,2023-07-13,80,1
81,B-25560,2023-07-13,81,4
82,B-25560,2023-07-13,82,2
83,B-25560,2023-07-13,83,4
84,B-26076,2025-03-10,84,2
85,B-26076,2024-09-24,85,2
86,B-26076,2025-03-10,86,3
87,B-26076,2024-09-24,87,3
88,B-25872,2020-04-13,88,1
89,B-25872,2020-04-13,89,4
90,B-26185,2022-06-27,90,4
91,B-26185,2021-03-14,91,4
92,B-26185,2022-02-23,92,4
93,B-26259,2022-03-29,93,1
94,B-26259,2022-11-20,94,1
95,B-25142,2021-11-12,95,2
96,B-25142,2021-11-12,96,1
97,B-25326,2021-08-17,97,5
98,B-25326,2022-05-16,98,5
99,B-26795,2023-07-16,99,4
100,B-26795,2023-07-16,100,4
101,B-26795,2023-07-16,101,5
102,B-25660,2020-08-18,102,2
103,B-25660,2022-04-19,103,2
104,B-25410,2022-12-23,104,2
105,B-25690,2024-12-07,105,3
106,B-26464,2022-02-03,106,3
107,B-26464,2021-12-12,107,3
108,B-26464,2022-02-03,108,1
109,B-26464,2021-12-12,109,1
110,B-26464,2022-02-03,110,2
111,B-26464,2021-12-12,111,2
112,B-26454,2020-05-17,112,3
113,B-26742,2022-12-05,113,4
114,B-26742,2024-09-17,114,4
115,B-26742,2022-12-05,115,4
116,B-26742,2024-09-17,116,4
117,B-25510,2023-05-08,117,5
118,B-25510,2021-03-03,118,5
119,B-25510,2021-03-18,119,5
120,B-25510,2023-04-24,120,5
121,B-25936,2021-10-09,121,2
122,B-25936,2022-04-15,122,2
123,B-25936,2022-08-29,123,2
124,B-25936,2021-10-09,124,1
125,B-25936,2022-04-15,125,1
126,B-25936,2022-08-29,126,1
127,B-25884,2024-09-04,127,4
128,B-25884,2021-05-18,128,4
129,B-25884,2024-09-04,129,3
130,B-25884,2021-05-18,130,3
131,B-26287,2024-07-02,131,5
132,B-26287,2024-07-02,132,4
133,B-26287,2024-07-02,133,3
134,B-26287,2024-07-02,134,5
135,B-26564,2024-02-16,135,4
136,B-26564,2024-02-16,136,5
137,B-26293,2021-11-26,137,4
138,B-26293,2021-11-26,138,2
139,B-26293,2021-11-26,139,3
140,B-25915,2024-02-01,140,5
141,B-25915,2021-09-09,141,5
142,B-25915,2021-09-08,142,5
143,B-25915,2024-02-01,143,2
144,B-25915,2021-09-09,144,2
145,B-25915,2021-09-08,145,2
146,B-26496,2024-07-09,146,4
147,B-26496,2024-07-09,147,2
148,B-26496,2024-07-09,148,2
149,B-26496,2024-07-09,149,2
150,B-25856,2023-02-28,150,4
151,B-25856,2023-02-28,151,4
152,B-25856,2023-02-28,152,4
153,B-26899,2022-08-08,153,4
154,B-25916,2022-12-07,154,1
155,B-25916,2024-04-29,155,1
156,B-25916,2022-12-07,156,4
157,B-25916,2024-04-29,157,4
158,B-25916,2022-12-07,158,4
159,B-25916,2024-04-29,159,4
160,B-25916,2022-12-07,160,1
161,B-25916,2024-04-29,161,1
162,B-26428,2022-01-02,162,4
163,B-26332,2022-06-10,163,5
164,B-26332,2021-11-16,164,5
165,B-26332,2022-08-17,165,5
166,B-26332,2022-06-10,166,4
167,B-26332,2021-11-16,167,4
168,B-26332,2022-08-17,168,4
169,B-26332,2022-06-10,169,1
170,B-26332,2021-11-16,170,1
171,B-26332,2022-08-17,171,1
172,B-25303,2021-11-23,172,5
173,B-25303,2023-03-04,173,5
174,B-26507,2023-12-16,174,5
175,B-25983,2024-05-19,175,2
176,B-25983,2020-05-14,176,2
177,B-25983,2024-05-19,177,4
178,B-25983,2020-05-14,178,4
179,B-25156,2021-08-29,179,4
180,B-26759,2024-11-10,180,5
181,B-26759,2024-11-10,181,5
182,B-26244,2021-12-05,182,3
183,B-26244,2021-12-05,183,3
184,B-26365,2024-07-05,184,1
185,B-26365,2024-07-05,185,5
186,B-26212,2024-06-25,186,2
187,B-26212,2024-06-25,187,2
188,B-25042,2024-05-31,188,5
189,B-25042,2024-05-31,189,5
190,B-25901,2020-10-20,190,1
191,B-25901,2022-08-11,191,1
192,B-25901,2021-10-17,192,1
193,B-25901,2020-10-20,193,1
194,B-25901,2022-08-11,194,1
195,B-25901,2021-10-17,195,1
196,B-26747,2022-02-23,196,4
197,B-26747,2022-02-23,197,1
198,B-26698,2023-09-20,198,3
199,B-25841,2021-01-19,199,3
200,B-25841,2021-01-19,200,1
201,B-26032,2020-08-21,201,5
202,B-26032,2023-04-17,202,5
203,B-26032,2023-12-24,203,5
204,B-26032,2020-08-21,204,2
205,B-26032,2023-04-17,205,2
206,B-26032,2023-12-24,206,2
207,B-26032,2020-08-21,207,4
208,B-26032,2023-04-17,208,4
209,B-26032,2023-12-24,209,4
210,B-26032,2020-08-21,210,2
211,B-26032,2023-04-17,211,2
212,B-26032,2023-12-24,212,2
213,B-25171,2022-03-20,213,4
214,B-26939,2021-08-12,214,2
215,B-26939,2021-08-12,215,3
216,B-26347,2020-12-21,216,1
217,B-26347,2023-07-07,217,1
218,B-25388,2023-08-13,218,3
219,B-25388,2021-02-04,219,3
220,B-25388,2022-09-16,220,3
221,B-25388,2022-05-06,221,3
222,B-26419,2021-05-28,222,1
223,B-25157,2024-07-18,223,1
224,B-25342,2024-12-06,224,1
225,B-25342,2024-12-06,225,3
226,B-25342,2024-12-06,226,3
227,B-26165,2022-12-12,227,1
228,B-26571,2022-10-20,228,5
229,B-26571,2022-10-20,229,5
230,B-25400,2021-03-24,230,1
231,B-25400,2025-01-06,231,1
232,B-25400,2021-03-24,232,2
233,B-25400,2025-01-06,233,2
234,B-25885,2021-03-06,234,5
235,B-25885,2021-03-06,235,2
236,B-25885,2021-03-06,236,2
237,B-25004,2020-06-17,237,5
238,B-25004,2023-09-01,238,5
239,B-26213,2023-06-08,239,1
240,B-26213,2023-06-08,240,2
241,B-25025,2021-03-25,241,5
242,B-25025,2021-03-25,242,4
243,B-26804,2021-01-03,243,2
244,B-26804,2021-01-03,244,4
245,B-26797,2024-12-27,245,4
246,B-26556,2022-08-12,246,1
247,B-25861,2022-03-28,247,2
248,B-25861,2023-07-15,248,2
249,B-25861,2022-09-22,249,2
250,B-25861,2022-03-28,250,2
251,B-25861,2023-07-15,251,2
252,B-25861,2022-09-22,252,2
253,B-25112,2022-12-20,253,5
254,B-25112,2022-01-16,254,5
255,B-25112,2023-01-29,255,5
256,B-25223,2022-01-15,256,5
257,B-25223,2022-01-15,257,5
258,B-25714,2024-03-24,258,1
259,B-25714,2025-02-19,259,1
260,B-26607,2024-07-13,260,1
261,B-25038,2023-04-28,261,2
262,B-25038,2020-12-05,262,2
263,B-25038,2024-05-14,263,2
264,B-25038,2022-01-18,264,2
265,B-26672,2023-09-18,265,3
266,B-26672,2023-09-18,266,4
267,B-25747,2021-05-12,267,5
268,B-25747,2023-09-17,268,5
269,B-25747,2021-05-12,269,1
270,B-25747,2023-09-17,270,1
271,B-25747,2021-05-12,271,3
272,B-25747,2023-09-17,272,3
273,B-26322,2024-09-06,273,3
274,B-26613,2022-06-18,274,1
275,B-26613,2022-06-18,275,5
276,B-25413,2020-05-22,276,2
277,B-26466,2024-10-17,277,3
278,B-26466,2024-10-17,278,3
279,B-26610,2022-03-22,279,4
280,B-26209,2024-03-17,280,2
281,B-26209,2024-03-17,281,4
282,B-26622,2020-04-02,282,1
283,B-26622,2020-04-02,283,4
284,B-26601,2024-03-13,284,1
285,B-26601,2024-03-13,285,5
286,B-25894,2023-03-21,286,5
287,B-25894,2023-03-21,287,4
288,B-25894,2023-03-21,288,5
289,B-26969,2024-03-02,289,4
290,B-26969,2021-04-30,290,4
291,B-26969,2024-03-02,291,2
292,B-26969,2021-04-30,292,2
293,B-26312,2021-09-15,293,2
294,B-26312,2023-01-28,294,2
295,B-26312,2021-09-15,295,1
296,B-26312,2023-01-28,296,1
297,B-26837,2021-07-08,297,4
298,B-26837,2020-04-08,298,4
299,B-26837,2021-07-08,299,1
300,B-26837,2020-04-08,300,1
301,B-26166,2022-08-23,301,5
302,B-26166,2022-08-23,302,3
303,B-25695,2022-12-17,303,1
304,B-25695,2022-06-08,304,1
305,B-25695,2022-12-17,305,3
306,B-25695,2022-06-08,306,3
307,B-26068,2020-08-28,307,5
308,B-26023,2020-09-26,308,1
309,B-26677,2020-12-13,309,2
310,B-26677,2020-11-19,310,2
311,B-25701,2023-09-13,311,1
312,B-25701,2023-09-13,312,4
313,B-25701,2023-09-13,313,1
314,B-26523,2020-03-31,314,1
315,B-26523,2020-10-20,315,1
316,B-26523,2020-03-31,316,3
317,B-26523,2020-10-20,317,3
318,B-25880,2023-08-04,318,4
319,B-26898,2022-04-11,319,4
320,B-26898,2022-04-11,320,4
321,B-26898,2022-04-11,321,3
322,B-26035,2021-12-31,322,2
323,B-26035,2021-12-31,323,5
324,B-25573,2020-08-16,324,5
325,B-25463,2025-02-02,325,2
326,B-26277,2022-02-24,326,5
327,B-26277,2022-02-24,327,1
328,B-26508,2024-02-25,328,4
329,B-26508,2021-06-15,329,4
330,B-26508,2024-02-25,330,3
331,B-26508,2021-06-15,331,3
332,B-26723,2022-12-08,332,5
333,B-26723,2023-12-09,333,5
334,B-25526,2022-07-16,334,5
335,B-25645,2024-05-05,335,1
336,B-25757,2021-10-04,336,3
337,B-26716,2021-11-20,337,1
338,B-26716,2021-11-20,338,2
339,B-26716,2021-11-20,339,2
340,B-25424,2020-09-15,340,3
341,B-25424,2020-09-15,341,1
342,B-25424,2020-09-15,342,2
343,B-26453,2023-01-17,343,2
344,B-26453,2020-06-16,344,2
345,B-26425,2024-05-01,345,2
346,B-25843,2023-12-07,346,3
347,B-25843,2023-12-07,347,4
348,B-25486,2024-02-02,348,2
349,B-26975,2024-06-23,349,4
350,B-26975,2024-06-23,350,1
351,B-26975,2024-06-23,351,3
352,B-26890,2024-06-07,352,4
353,B-26125,2023-10-13,353,5
354,B-26125,2023-10-13,354,3
355,B-26489,2022-10-08,355,5
356,B-26489,2023-10-27,356,5
357,B-26489,2021-02-09,357,5
358,B-26489,2022-10-08,358,2
359,B-26489,2023-10-27,359,2
360,B-26489,2021-02-09,360,2
361,B-26489,2022-10-08,361,2
362,B-26489,2023-10-27,362,2
363,B-26489,2021-02-09,363,2
364,B-26489,2022-10-08,364,4
365,B-26489,2023-10-27,365,4
366,B-26489,2021-02-09,366,4
367,B-26043,2020-11-03,367,1
368,B-26557,2022-05-30,368,5
369,B-26557,2022-05-30,369,4
370,B-26557,2022-05-30,370,5
371,B-25243,2024-06-16,371,1
372,B-25243,2024-06-16,372,3
373,B-25243,2024-06-16,373,5
374,B-25243,2024-06-16,374,3
375,B-26932,2022-07-15,375,3
376,B-26932,2022-07-15,376,3
377,B-25241,2021-07-18,377,3
378,B-25241,2021-10-02,378,3
379,B-25044,2024-04-16,379,4
380,B-25044,2024-04-16,380,4
381,B-26137,2020-07-09,381,4
382,B-26137,2020-07-25,382,4
383,B-26137,2024-01-24,383,4
384,B-26137,2020-05-04,384,4
385,B-26137,2021-11-13,385,4
386,B-25545,2023-10-07,386,5
387,B-26800,2021-10-23,387,1
388,B-26800,2021-10-23,388,3
389,B-26987,2022-07-18,389,3
390,B-26144,2024-08-23,390,3
391,B-26144,2024-08-23,391,4
392,B-26144,2024-08-23,392,5
393,B-25406,2020-10-28,393,1
394,B-25658,2024-06-15,394,1
395,B-25658,2024-12-19,395,1
396,B-25733,2020-09-04,396,1
397,B-26993,2022-04-16,397,2
398,B-26964,2024-08-29,398,4
399,B-26964,2022-01-14,399,4
400,B-26955,2024-04-07,400,2
401,B-26059,2022-04-24,401,5
402,B-26059,2022-04-24,402,5
403,B-26806,2020-08-27,403,3
404,B-26299,2023-03-01,404,3
405,B-26299,2023-03-01,405,5
406,B-26299,2023-03-01,406,2
407,B-26743,2020-10-02,407,5
408,B-26743,2020-06-23,408,5
409,B-26743,2023-08-21,409,5
410,B-26757,2022-07-16,410,4
411,B-26772,2022-08-01,411,5
412,B-26088,2020-07-16,412,5
413,B-26319,2020-05-02,413,3
414,B-26319,2020-05-02,414,1
415,B-26319,2020-05-02,415,4
416,B-25364,2024-01-10,416,3
417,B-25364,2020-09-30,417,3
418,B-25655,2022-03-28,418,1
419,B-26864,2021-01-30,419,1
420,B-26019,2025-03-14,420,5
421,B-25849,2021-10-26,421,2
422,B-25849,2023-01-11,422,2
423,B-25849,2021-10-26,423,4
424,B-25849,2023-01-11,424,4
425,B-25829,2021-10-31,425,4
426,B-26065,2023-05-04,426,4
427,B-26065,2024-08-09,427,4
428,B-25267,2022-08-21,428,5
429,B-25267,2022-08-21,429,5
430,B-25972,2022-06-19,430,2
431,B-25972,2022-06-19,431,2
432,B-25511,2025-01-29,432,3
433,B-25511,2025-01-29,433,5
434,B-25744,2022-01-14,434,4
435,B-25744,2022-01-14,435,1
436,B-25744,2022-01-14,436,5
437,B-26805,2023-06-15,437,2
438,B-25620,2023-10-18,438,2
439,B-25620,2022-06-13,439,2
440,B-25620,2023-10-18,440,4
441,B-25620,2022-06-13,441,4
442,B-25620,2023-10-18,442,3
443,B-25620,2022-06-13,443,3
444,B-25325,2024-06-12,444,4
445,B-25325,2024-06-12,445,4
446,B-25325,2024-06-12,446,4
447,B-25325,2024-06-12,447,3
448,B-25131,2022-06-27,448,1
449,B-25131,2022-06-27,449,5
450,B-26654,2021-02-18,450,1
451,B-26654,2021-02-18,451,4
452,B-26654,2021-02-18,452,2
453,B-26195,2023-05-29,453,2
454,B-26195,2021-06-04,454,2
455,B-25842,2024-01-22,455,3
456,B-25842,2022-12-27,456,3
457,B-25842,2024-01-22,457,3
458,B-25842,2022-12-27,458,3
459,B-25842,2024-01-22,459,2
460,B-25842,2022-12-27,460,2
461,B-25851,2024-03-30,461,1
462,B-25427,2020-04-04,462,5
463,B-25427,2020-04-04,463,1
464,B-25427,2020-04-04,464,3
465,B-26224,2023-01-22,465,5
466,B-26224,2022-04-12,466,5
467,B-26224,2023-12-13,467,5
468,B-26224,2023-01-22,468,1
469,B-26224,2022-04-12,469,1
470,B-26224,2023-12-13,470,1
471,B-26896,2023-05-24,471,3
472,B-26896,2020-11-29,472,3
473,B-26469,2021-03-24,473,1
474,B-26469,2021-03-24,474,3
475,B-26219,2020-08-19,475,4
476,B-26219,2022-10-20,476,4
477,B-26119,2023-09-20,477,2
478,B-26119,2024-12-26,478,2
479,B-26119,2023-09-20,479,3
480,B-26119,2024-12-26,480,3
481,B-26988,2021-12-03,481,5
482,B-26988,2021-12-03,482,1
483,B-25596,2021-09-14,483,4
484,B-26845,2021-09-30,484,5
485,B-25099,2021-12-22,485,5
486,B-25099,2021-12-22,486,3
487,B-25099,2021-12-22,487,1
488,B-26153,2022-05-18,488,2
489,B-25060,2020-10-08,489,4
490,B-25060,2020-10-08,490,2
491,B-26572,2022-08-20,491,3
492,B-26572,2024-11-25,492,3
493,B-26572,2022-08-20,493,3
494,B-26572,2024-11-25,494,3
495,B-25919,2020-09-30,495,4
496,B-25919,2025-02-20,496,4
497,B-25919,2022-03-20,497,4
498,B-25919,2020-09-30,498,2
499,B-25919,2025-02-20,499,2
500,B-25919,2022-03-20,500,2
501,B-26978,2025-03-07,501,2
502,B-26978,2025-03-07,502,1
503,B-26978,2025-03-07,503,5
504,B-26554,2024-06-16,504,4
505,B-26554,2020-11-21,505,4
506,B-26554,2024-10-01,506,4
507,B-26554,2024-07-01,507,4
508,B-26554,2024-06-16,508,1
509,B-26554,2020-11-21,509,1
510,B-26554,2024-10-01,510,1
511,B-26554,2024-07-01,511,1
512,B-26883,2020-11-23,512,5
513,B-25423,2023-03-18,513,4
514,B-25423,2022-10-19,514,4
515,B-26324,2023-08-31,515,2
516,B-26324,2021-06-06,516,2
517,B-26945,2022-12-21,517,2
518,B-26945,2022-12-21,518,3
519,B-26405,2024-02-12,519,5
520,B-26046,2022-12-05,520,2
521,B-26046,2022-12-05,521,5
522,B-25746,2021-04-04,522,2
523,B-25232,2021-02-12,523,1
524,B-25232,2022-12-27,524,1
525,B-25232,2024-01-19,525,1
526,B-25232,2021-02-12,526,2
527,B-25232,2022-12-27,527,2
528,B-25232,2024-01-19,528,2
529,B-25591,2022-12-25,529,4
530,B-25591,2022-12-25,530,1
531,B-25591,2022-12-25,531,4
532,B-26325,2022-10-06,532,1
533,B-25251,2020-04-27,533,5
534,B-25251,2024-05-13,534,5
535,B-25251,2020-04-27,535,1
536,B-25251,2024-05-13,536,1
537,B-25464,2020-10-23,537,5
538,B-25464,2020-10-23,538,1
539,B-25464,2020-10-23,539,2
540,B-26678,2021-06-11,540,2
541,B-26678,2021-09-08,541,2
542,B-25962,2022-11-23,542,5
543,B-25962,2022-10-31,543,5
544,B-25962,2023-11-06,544,5
545,B-25962,2023-11-12,545,5
546,B-26586,2023-06-26,546,1
547,B-26586,2023-09-30,547,1
548,B-26586,2023-06-26,548,2
549,B-26586,2023-09-30,549,2
550,B-26841,2020-09-12,550,2
551,B-26841,2020-09-12,551,4
552,B-26284,2020-11-27,552,1
553,B-26284,2022-08-25,553,1
554,B-26284,2023-08-23,554,1
555,B-26284,2023-10-11,555,1
556,B-26478,2022-04-21,556,4
557,B-26679,2023-09-14,557,1
558,B-26679,2020-04-29,558,1
559,B-26679,2020-12-15,559,1
560,B-26679,2023-09-14,560,3
561,B-26679,2020-04-29,561,3
562,B-26679,2020-12-15,562,3
563,B-26397,2024-07-11,563,4
564,B-26397,2024-09-21,564,4
565,B-25957,2025-02-02,565,1
566,B-26916,2022-10-21,566,1
567,B-26916,2020-10-21,567,1
568,B-26916,2022-10-21,568,1
569,B-26916,2020-10-21,569,1
570,B-26916,2022-10-21,570,1
571,B-26916,2020-10-21,571,1
572,B-25925,2022-01-11,572,4
573,B-25925,2021-02-17,573,4
574,B-25925,2022-01-11,574,2
575,B-25925,2021-02-17,575,2
576,B-25602,2021-11-06,576,2
577,B-25602,2022-08-30,577,2
578,B-26592,2022-10-07,578,5
579,B-26592,2022-10-07,579,4
580,B-26251,2023-06-04,580,5
581,B-26251,2023-06-04,581,2
582,B-26251,2023-06-04,582,2
583,B-25979,2022-05-13,583,2
584,B-25437,2023-01-23,584,4
585,B-25437,2021-07-25,585,4
586,B-26986,2025-03-08,586,5
587,B-25990,2022-12-25,587,5
588,B-25990,2022-12-25,588,5
589,B-25990,2022-12-25,589,4
590,B-25222,2024-04-24,590,3
591,B-25222,2021-12-24,591,3
592,B-25222,2023-09-07,592,3
593,B-26402,2021-08-10,593,5
594,B-26792,2024-05-26,594,3
595,B-26792,2022-02-19,595,3
596,B-25154,2024-12-09,596,4
597,B-26114,2023-06-01,597,3
598,B-26485,2023-11-05,598,2
599,B-26191,2020-06-21,599,4
600,B-26754,2020-10-26,600,3
601,B-25953,2022-06-06,601,1
602,B-25953,2021-11-13,602,1
603,B-25953,2022-06-06,603,4
604,B-25953,2021-11-13,604,4
605,B-26516,2021-11-11,605,3
606,B-26516,2021-11-11,606,5
607,B-26843,2021-07-31,607,3
608,B-26843,2021-07-31,608,4
609,B-26167,2024-04-13,609,3
610,B-26972,2022-04-19,610,2
611,B-25673,2024-03-23,611,3
612,B-26587,2021-05-07,612,1
613,B-26587,2021-05-07,613,2
614,B-26668,2022-05-06,614,3
615,B-26906,2021-08-09,615,4
616,B-26906,2025-02-09,616,4
617,B-25226,2024-04-23,617,1
618,B-25166,2023-02-23,618,1
619,B-25166,2024-06-06,619,1
620,B-25166,2023-02-23,620,5
621,B-25166,2024-06-06,621,5
622,B-25454,2025-01-27,622,4
623,B-26215,2023-04-07,623,5
624,B-25777,2022-01-20,624,4
625,B-25777,2022-05-10,625,4
626,B-25383,2024-05-29,626,4
627,B-25383,2022-01-04,627,4
628,B-26409,2024-05-02,628,4
629,B-26409,2021-12-28,629,4
630,B-26684,2022-12-12,630,1
631,B-26726,2023-08-17,631,2
632,B-26726,2021-11-29,632,2
633,B-26726,2023-08-17,633,3
634,B-26726,2021-11-29,634,3
635,B-26136,2021-06-13,635,4
636,B-26098,2022-07-04,636,3
637,B-26098,2022-07-04,637,3
638,B-25430,2021-06-27,638,5
639,B-25430,2021-06-27,639,4
640,B-25266,2023-12-04,640,5
641,B-25266,2023-12-04,641,1
642,B-25283,2022-08-09,642,5
643,B-25227,2020-04-08,643,1
644,B-25227,2020-04-08,644,1
645,B-25669,2023-10-20,645,3
646,B-25064,2022-02-10,646,3
647,B-25064,2023-10-05,647,3
648,B-25064,2022-02-10,648,1
649,B-25064,2023-10-05,649,1
650,B-26268,2022-09-22,650,4
651,B-26268,2021-04-03,651,4
652,B-25456,2021-05-03,652,4
653,B-25456,2024-02-11,653,4
654,B-25456,2025-02-04,654,4
655,B-25495,2022-10-12,655,1
656,B-25495,2022-10-12,656,2
657,B-26552,2022-02-06,657,4
658,B-26552,2020-11-09,658,4
659,B-26552,2023-05-03,659,4
660,B-25203,2022-10-04,660,3
661,B-25462,2024-08-21,661,5
662,B-26145,2021-11-20,662,5
663,B-26145,2020-05-13,663,5
664,B-25552,2023-02-28,664,1
665,B-25552,2023-02-28,665,3
666,B-26069,2021-01-21,666,3
667,B-26069,2022-02-28,667,3
668,B-26069,2021-01-21,668,1
669,B-26069,2022-02-28,669,1
670,B-25120,2024-04-25,670,2
671,B-25120,2023-03-10,671,2
672,B-25120,2023-07-10,672,2
673,B-25120,2024-04-25,673,4
674,B-25120,2023-03-10,674,4
675,B-25120,2023-07-10,675,4
676,B-26146,2024-07-28,676,5
677,B-26146,2024-07-28,677,5
678,B-25549,2023-07-30,678,1
679,B-25549,2023-07-30,679,1
680,B-25549,2023-07-30,680,2
681,B-25488,2024-10-05,681,1
682,B-25488,2024-10-05,682,4
683,B-26885,2024-02-20,683,4
684,B-26885,2024-02-20,684,4
685,B-25703,2023-04-19,685,5
686,B-25703,2023-10-29,686,5
687,B-25809,2022-03-08,687,1
688,B-25809,2022-12-08,688,1
689,B-25809,2022-03-08,689,1
690,B-25809,2022-12-08,690,1
691,B-25809,2022-03-08,691,4
692,B-25809,2022-12-08,692,4
693,B-25809,2022-03-08,693,2
694,B-25809,2022-12-08,694,2
695,B-25477,2024-07-27,695,5
696,B-25477,2022-07-05,696,5
697,B-26018,2024-07-04,697,5
698,B-25329,2024-02-28,698,4
699,B-25329,2025-01-03,699,4
700,B-25182,2021-12-07,700,4
701,B-25492,2021-12-14,701,3
702,B-25492,2020-11-30,702,3
703,B-25492,2021-12-14,703,4
704,B-25492,2020-11-30,704,4
705,B-25517,2021-12-29,705,3
706,B-25517,2021-12-29,706,3
707,B-25200,2024-07-08,707,1
708,B-26009,2021-02-10,708,1
709,B-26580,2020-10-21,709,5
710,B-26580,2023-04-17,710,5
711,B-25679,2020-10-21,711,3
712,B-26034,2023-12-28,712,2
713,B-26034,2023-12-28,713,5
714,B-25148,2022-12-23,714,2
715,B-25148,2022-08-10,715,2
716,B-25148,2022-12-23,716,3
717,B-25148,2022-08-10,717,3
718,B-25830,2023-10-17,718,1
719,B-25830,2022-02-28,719,1
720,B-25762,2024-05-24,720,5
721,B-26794,2020-10-02,721,2
722,B-26794,2020-10-02,722,2
723,B-25011,2024-02-10,723,1
724,B-25011,2021-02-06,724,1
725,B-25515,2022-03-16,725,5
726,B-25369,2020-05-24,726,4
727,B-25369,2025-02-16,727,4
728,B-25369,2021-11-16,728,4
729,B-25369,2024-09-08,729,4
730,B-25369,2020-05-24,730,3
731,B-25369,2025-02-16,731,3
732,B-25369,2021-11-16,732,3
733,B-25369,2024-09-08,733,3
734,B-26222,2022-06-29,734,4
735,B-26222,2022-06-29,735,4
736,B-26222,2022-06-29,736,5
737,B-25316,2022-11-03,737,2
738,B-25507,2023-11-28,738,4
739,B-25846,2020-04-25,739,2
740,B-25763,2022-01-18,740,1
741,B-25763,2022-01-18,741,1
742,B-25763,2022-01-18,742,2
743,B-25763,2022-01-18,743,1
744,B-25465,2022-03-23,744,4
745,B-25465,2020-06-24,745,4
746,B-25465,2022-12-23,746,4
747,B-25465,2024-11-24,747,4
748,B-25465,2020-11-06,748,4
749,B-25465,2023-10-24,749,4
750,B-25465,2022-03-23,750,1
751,B-25465,2020-06-24,751,1
752,B-25465,2022-12-23,752,1
753,B-25465,2024-11-24,753,1
754,B-25465,2020-11-06,754,1
755,B-25465,2023-10-24,755,1
756,B-26352,2023-07-18,756,2
757,B-26352,2022-05-16,757,2
758,B-26352,2023-07-18,758,5
759,B-26352,2022-05-16,759,5
760,B-26528,2024-06-16,760,5
761,B-26528,2021-10-23,761,5
762,B-26670,2022-10-22,762,3
763,B-25331,2023-07-17,763,1
764,B-25832,2025-02-24,764,3
765,B-25832,2025-02-24,765,5
766,B-25897,2021-03-07,766,1
767,B-25713,2021-01-03,767,4
768,B-25065,2023-05-03,768,2
769,B-25949,2023-10-25,769,3
770,B-26033,2022-08-21,770,5
771,B-26017,2022-04-16,771,5
772,B-26926,2023-04-02,772,3
773,B-26258,2024-10-21,773,2
774,B-26258,2024-10-21,774,1
775,B-26240,2021-07-09,775,3
776,B-26240,2022-04-08,776,3
777,B-26922,2022-04-30,777,3
778,B-26894,2023-01-20,778,2
779,B-25330,2024-11-17,779,2
780,B-26288,2022-04-23,780,2
781,B-26288,2025-02-18,781,2
782,B-25228,2021-05-27,782,3
783,B-25228,2022-01-17,783,3
784,B-26457,2025-01-15,784,4
785,B-25790,2021-02-14,785,5
786,B-25868,2024-08-31,786,4
787,B-25868,2022-12-26,787,4
788,B-25381,2024-03-21,788,3
789,B-25381,2020-12-15,789,3
790,B-25153,2023-03-21,790,2
791,B-26576,2023-06-08,791,4
792,B-26526,2022-07-17,792,4
793,B-26526,2024-12-05,793,4
794,B-26526,2022-07-17,794,4
795,B-26526,2024-12-05,795,4
796,B-25819,2023-11-02,796,3
797,B-25819,2024-10-05,797,3
798,B-25698,2022-11-13,798,3
799,B-25698,2022-12-28,799,3
800,B-26820,2025-02-26,800,3
801,B-25396,2022-11-12,801,3
802,B-25396,2022-11-12,802,3
803,B-25529,2021-06-07,803,3
804,B-26501,2020-09-26,804,3
805,B-26910,2024-04-29,805,5
806,B-26910,2024-04-29,806,1
807,B-26910,2024-04-29,807,2
808,B-25978,2024-04-10,808,5
809,B-26537,2023-12-21,809,1
810,B-25881,2024-05-02,810,2
811,B-25881,2024-11-21,811,2
812,B-25237,2022-03-17,812,5
813,B-25237,2023-05-14,813,5
814,B-26122,2024-10-07,814,1
815,B-26122,2020-09-08,815,1
816,B-25709,2021-08-19,816,1
817,B-26656,2022-10-12,817,3
818,B-26656,2020-05-23,818,3
819,B-26656,2020-04-18,819,3
820,B-26656,2022-10-12,820,3
821,B-26656,2020-05-23,821,3
822,B-26656,2020-04-18,822,3
823,B-25801,2022-06-04,823,3
824,B-25801,2022-06-04,824,5
825,B-25006,2022-11-16,825,2
826,B-25006,2024-07-18,826,2
827,B-25006,2023-07-16,827,2
828,B-26106,2020-08-10,828,2
829,B-25789,2024-06-22,829,1
830,B-26292,2020-07-13,830,2
831,B-25895,2024-04-16,831,3
832,B-25813,2021-03-13,832,5
833,B-26863,2023-04-01,833,3
834,B-25759,2020-11-10,834,5
835,B-26357,2023-06-08,835,2
836,B-26819,2021-08-17,836,2
837,B-25502,2020-05-24,837,3
838,B-25258,2021-08-12,838,1
839,B-26878,2022-09-03,839,4
840,B-26878,2020-10-01,840,4
841,B-25170,2022-05-27,841,3
842,B-25170,2022-05-27,842,1
843,B-26842,2024-03-10,843,2
844,B-26842,2023-10-05,844,2
845,B-26842,2024-03-10,845,2
846,B-26842,2023-10-05,846,2
847,B-26599,2022-08-28,847,2
848,B-26599,2020-09-08,848,2
849,B-25705,2021-04-27,849,5
850,B-26366,2021-08-21,850,5
851,B-26366,2021-05-16,851,5
852,B-26366,2021-08-21,852,1
853,B-26366,2021-05-16,853,1
854,B-26116,2022-01-15,854,3
855,B-26443,2023-03-21,855,2
856,B-26443,2023-12-28,856,2
857,B-25955,2022-02-15,857,2
858,B-25955,2023-11-30,858,2
859,B-26383,2023-01-12,859,2
860,B-26383,2023-05-19,860,2
861,B-26383,2023-01-12,861,3
862,B-26383,2023-05-19,862,3
863,B-26999,2024-02-19,863,1
864,B-26712,2021-12-01,864,1
865,B-26712,2021-12-01,865,2
866,B-26066,2024-12-19,866,3
867,B-25996,2023-01-18,867,1
868,B-25996,2020-12-23,868,1
869,B-26924,2021-02-28,869,5
870,B-25541,2023-05-04,870,1
871,B-25541,2020-04-22,871,1
872,B-25541,2021-08-13,872,1
873,B-25541,2023-05-04,873,2
874,B-25541,2020-04-22,874,2
875,B-25541,2021-08-13,875,2
876,B-25196,2023-07-20,876,4
877,B-25855,2022-08-28,877,4
878,B-25071,2023-03-14,878,2
879,B-26159,2023-11-07,879,1
880,B-26159,2024-04-16,880,1
881,B-26159,2023-11-07,881,4
882,B-26159,2024-04-16,882,4
883,B-26228,2022-09-16,883,1
884,B-25888,2024-10-31,884,5
885,B-25574,2024-11-25,885,2
886,B-25574,2021-10-29,886,2
887,B-26938,2023-12-27,887,3
888,B-26938,2023-06-25,888,3
889,B-26379,2020-09-01,889,4
890,B-26623,2025-02-01,890,3
891,B-25566,2023-07-22,891,2
892,B-25566,2022-02-04,892,2
893,B-26740,2023-09-27,893,2
894,B-26740,2025-01-30,894,2
895,B-26740,2023-09-27,895,4
896,B-26740,2025-01-30,896,4
897,B-26740,2023-09-27,897,1
898,B-26740,2025-01-30,898,1
899,B-25024,2025-01-15,899,3
900,B-25024,2021-03-28,900,3
901,B-26367,2021-12-25,901,5
902,B-26353,2023-02-03,902,2
903,B-26353,2023-04-28,903,2
904,B-26353,2024-11-22,904,2
905,B-26353,2023-02-03,905,3
906,B-26353,2023-04-28,906,3
907,B-26353,2024-11-22,907,3
908,B-25742,2024-07-02,908,2
909,B-25742,2024-07-02,909,3
910,B-26965,2022-01-18,910,2
911,B-26038,2024-10-08,911,2
912,B-26038,2024-10-08,912,3
913,B-25317,2020-06-21,913,5
914,B-25970,2023-12-14,914,2
915,B-25590,2020-12-16,915,2
916,B-25580,2025-03-15,916,5
917,B-25443,2024-08-21,917,3
918,B-25443,2024-08-21,918,1
919,B-25774,2021-05-27,919,4
920,B-26505,2020-09-21,920,2
921,B-25163,2025-01-11,921,1
922,B-26095,2021-10-20,922,1
923,B-26095,2021-10-20,923,3
924,B-25768,2021-10-19,924,1
925,B-25328,2024-07-07,925,4
926,B-25328,2023-07-25,926,4
927,B-26573,2020-04-16,927,2
928,B-25138,2020-07-04,928,4
929,B-26803,2022-05-16,929,1
930,B-26803,2022-05-16,930,4
931,B-25101,2023-11-25,931,3
932,B-25827,2021-08-17,932,5
933,B-25792,2023-07-02,933,3
934,B-25646,2020-08-24,934,4
935,B-25043,2022-11-07,935,4
936,B-26598,2024-03-27,936,4
937,B-26598,2024-09-01,937,4
938,B-26598,2022-02-22,938,4
939,B-26598,2024-03-27,939,2
940,B-26598,2024-09-01,940,2
941,B-26598,2022-02-22,941,2
942,B-26643,2022-02-11,942,2
943,B-26643,2022-02-11,943,5
944,B-26643,2022-02-11,944,5
945,B-25992,2021-05-27,945,3
946,B-25992,2023-07-05,946,3
947,B-25992,2020-10-27,947,3
948,B-25992,2021-05-27,948,4
949,B-25992,2023-07-05,949,4
950,B-25992,2020-10-27,950,4
951,B-25532,2023-01-26,951,3
952,B-25564,2021-09-06,952,3
953,B-25564,2021-11-12,953,3
954,B-25564,2024-07-30,954,3
955,B-26543,2022-03-15,955,4
956,B-25976,2024-03-15,956,1
957,B-25976,2020-11-10,957,1
958,B-25976,2024-03-15,958,3
959,B-25976,2020-11-10,959,3
960,B-25929,2022-07-23,960,4
961,B-25497,2024-09-13,961,4
962,B-25497,2024-09-13,962,2
963,B-26735,2022-01-25,963,5
964,B-25036,2021-04-19,964,3
965,B-25971,2021-07-18,965,2
966,B-25441,2022-06-24,966,4
967,B-25441,2024-06-08,967,4
968,B-25441,2022-06-24,968,2
969,B-25441,2024-06-08,969,2
970,B-25441,2022-06-24,970,1
971,B-25441,2024-06-08,971,1
972,B-25823,2022-09-29,972,5
973,B-25363,2023-05-10,973,4
974,B-25363,2020-05-02,974,4
975,B-26445,2021-04-12,975,3
976,B-26724,2023-11-04,976,3
977,B-25447,2020-05-04,977,3
978,B-26904,2023-09-10,978,2
979,B-26904,2024-01-05,979,2
980,B-26904,2024-05-08,980,2
981,B-26456,2024-03-30,981,5
982,B-25435,2020-09-10,982,1
983,B-25435,2020-09-10,983,3
984,B-26279,2020-07-12,984,4
985,B-26279,2022-12-08,985,4
986,B-26279,2024-03-27,986,4
987,B-26279,2023-02-17,987,4
988,B-26279,2021-07-21,988,4
989,B-26279,2020-07-12,989,1
990,B-26279,2022-12-08,990,1
991,B-26279,2024-03-27,991,1
992,B-26279,2023-02-17,992,1
993,B-26279,2021-07-21,993,1
994,B-25770,2022-10-30,994,5
995,B-25715,2020-12-31,995,2
996,B-25715,2022-04-15,996,2
997,B-25715,2023-04-05,997,2
998,B-25715,2020-12-31,998,1
999,B-25715,2022-04-15,999,1
1000,B-25715,2023-04-05,1000,1
1001,B-25715,2020-12-31,1001,1
1002,B-25715,2022-04-15,1002,1
1003,B-25715,2023-04-05,1003,1
1004,B-26961,2021-10-29,1004,2
1005,B-26961,2024-12-29,1005,2
1006,B-25902,2020-08-11,1006,1
1007,B-26321,2024-03-04,1007,4
1008,B-25612,2023-10-17,1008,3
1009,B-25605,2023-07-28,1009,5
1010,B-25810,2021-11-27,1010,4
1011,B-25810,2021-11-27,1011,4
1012,B-25935,2020-09-09,1012,2
1013,B-26245,2021-06-02,1013,3
1014,B-26245,2022-08-22,1014,3
1015,B-26245,2024-04-16,1015,3
1016,B-25346,2022-08-23,1016,5
1017,B-25346,2021-03-12,1017,5
1018,B-25594,2024-06-26,1018,4
1019,B-25594,2023-12-08,1019,4
1020,B-25471,2024-11-27,1020,2
1021,B-25398,2022-01-10,1021,5
1022,B-25398,2021-11-01,1022,5
1023,B-25999,2023-10-28,1023,4
1024,B-25999,2025-03-01,1024,4
1025,B-25999,2023-10-28,1025,1
1026,B-25999,2025-03-01,1026,1
1027,B-25159,2024-08-01,1027,1
1028,B-25159,2023-06-07,1028,1
1029,B-25159,2024-10-21,1029,1
1030,B-25159,2021-01-04,1030,1
1031,B-25496,2022-04-19,1031,3
1032,B-25496,2022-08-11,1032,3
1033,B-25401,2023-08-04,1033,2
1034,B-25707,2020-04-25,1034,2
1035,B-25707,2020-04-25,1035,1
1036,B-26225,2024-12-14,1036,5
1037,B-25662,2022-07-25,1037,3
1038,B-25662,2022-05-07,1038,3
1039,B-26752,2022-08-11,1039,2
1040,B-26752,2022-08-12,1040,2
1041,B-26752,2022-08-11,1041,4
1042,B-26752,2022-08-12,1042,4
1043,B-25640,2023-08-21,1043,3
1044,B-25030,2022-09-12,1044,4
1045,B-25504,2023-08-20,1045,1
1046,B-26912,2020-12-27,1046,2
1047,B-26912,2023-09-04,1047,2
1048,B-26912,2022-01-08,1048,2
1049,B-25193,2023-06-05,1049,3
1050,B-25106,2021-04-01,1050,4
1051,B-25106,2024-05-28,1051,4
1052,B-25106,2021-04-01,1052,4
1053,B-25106,2024-05-28,1053,4
1054,B-26835,2023-03-09,1054,1
1055,B-25836,2022-07-28,1055,2
1056,B-25836,2021-06-17,1056,2
1057,B-26661,2024-02-13,1057,5
1058,B-26317,2021-08-06,1058,2
1059,B-26839,2022-05-01,1059,3
1060,B-26839,2022-05-01,1060,4
1061,B-25735,2024-03-11,1061,3
1062,B-25387,2020-07-06,1062,1
1063,B-25192,2020-12-17,1063,3
1064,B-26844,2022-08-30,1064,5
1065,B-26844,2025-02-27,1065,5
1066,B-26844,2021-06-05,1066,5
1067,B-25236,2022-12-22,1067,1
1068,B-25940,2025-01-25,1068,2
1069,B-25940,2025-02-14,1069,2
1070,B-26765,2023-01-06,1070,5
1071,B-26817,2020-10-11,1071,5
1072,B-26522,2023-05-24,1072,3
1073,B-26522,2024-03-12,1073,3
1074,B-26522,2024-03-17,1074,3
1075,B-25681,2022-05-17,1075,5
1076,B-25382,2020-12-21,1076,1
1077,B-25944,2021-08-24,1077,4
1078,B-25944,2022-10-22,1078,4
1079,B-26980,2024-02-21,1079,2
1080,B-26980,2022-10-31,1080,2
1081,B-25780,2022-05-15,1081,5
1082,B-25964,2022-07-22,1082,4
1083,B-26767,2021-12-13,1083,5
1084,B-26767,2021-06-03,1084,5
1085,B-25501,2025-02-24,1085,3
1086,B-26029,2023-02-02,1086,1
1087,B-25292,2021-12-31,1087,4
1088,B-25873,2024-06-15,1088,1
1089,B-25873,2022-06-05,1089,1
1090,B-25873,2020-05-11,1090,1
1091,B-25444,2024-02-11,1091,3
1092,B-25444,2020-11-25,1092,3
1093,B-26796,2023-08-12,1093,1
1094,B-25537,2022-05-06,1094,4
1095,B-26083,2024-01-17,1095,4
1096,B-25298,2021-11-24,1096,5
1097,B-25298,2021-10-06,1097,5
1098,B-25298,2025-01-27,1098,5
1099,B-26734,2022-05-23,1099,5
1100,B-26734,2023-11-28,1100,5
1101,B-26734,2023-01-18,1101,5
1102,B-25483,2021-09-06,1102,2
1103,B-25483,2021-09-06,1103,3
1104,B-26041,2021-02-22,1104,5
1105,B-26041,2021-10-06,1105,5
1106,B-26750,2020-06-07,1106,4
1107,B-26138,2024-05-21,1107,1
1108,B-26929,2020-08-05,1108,5
1109,B-25359,2020-10-15,1109,4
1110,B-25738,2021-05-15,1110,5
1111,B-25738,2022-01-13,1111,5
1112,B-25931,2023-07-18,1112,1
1113,B-25706,2022-12-08,1113,4
1114,B-25352,2023-04-17,1114,5
1115,B-26909,2020-06-23,1115,3
1116,B-26296,2022-01-20,1116,2
1117,B-26112,2023-11-18,1117,5
1118,B-26112,2022-01-19,1118,5
1119,B-26790,2020-09-21,1119,3
1120,B-26790,2020-09-21,1120,1
1121,B-25986,2021-06-11,1121,3
1122,B-25630,2024-08-07,1122,2
1123,B-25630,2022-07-26,1123,2
1124,B-26872,2024-01-13,1124,1
1125,B-26872,2024-01-13,1125,3
1126,B-25870,2021-05-28,1126,3
1127,B-25991,2021-06-13,1127,4
1128,B-25198,2023-04-25,1128,2
1129,B-25189,2021-07-05,1129,3
1130,B-25189,2024-10-12,1130,3
1131,B-26563,2021-10-04,1131,2
1132,B-25548,2024-02-07,1132,1
1133,B-25965,2021-03-05,1133,2
1134,B-25965,2023-06-25,1134,2
1135,B-26545,2021-08-02,1135,3
1136,B-26603,2022-03-17,1136,3
1137,B-26393,2024-02-07,1137,4
1138,B-26393,2022-08-19,1138,4
1139,B-26628,2024-09-19,1139,2
1140,B-26628,2020-04-05,1140,2
1141,B-25945,2023-03-10,1141,2
1142,B-26565,2020-08-10,1142,4
1143,B-25684,2020-04-29,1143,5
1144,B-25684,2023-03-16,1144,5
1145,B-26612,2020-05-04,1145,2
1146,B-26612,2020-05-04,1146,2
1147,B-25839,2024-10-15,1147,2
1148,B-25898,2022-06-09,1148,4
1149,B-26120,2020-07-04,1149,5
1150,B-26120,2023-04-09,1150,5
1151,B-26426,2023-11-24,1151,2
1152,B-26309,2023-11-29,1152,1
1153,B-26309,2024-05-20,1153,1
1154,B-26789,2024-05-21,1154,1
1155,B-26420,2021-12-07,1155,2
1156,B-26420,2025-01-06,1156,2
1157,B-26257,2022-07-13,1157,2
1158,B-26257,2020-04-19,1158,2
1159,B-25603,2024-11-14,1159,1
1160,B-25603,2020-04-18,1160,1
1161,B-25010,2023-10-18,1161,4
1162,B-25010,2021-03-21,1162,4
1163,B-25889,2024-09-13,1163,4
1164,B-25889,2023-05-04,1164,4
1165,B-25889,2023-05-31,1165,4
1166,B-26675,2024-06-15,1166,3
1167,B-26675,2021-04-03,1167,3
1168,B-26168,2025-01-14,1168,2
1169,B-25436,2020-12-24,1169,5
1170,B-25436,2022-10-07,1170,5
1171,B-25794,2021-10-05,1171,5
1172,B-26495,2024-12-28,1172,1
1173,B-25815,2022-05-14,1173,3
1174,B-25022,2023-08-19,1174,2
1175,B-25022,2023-07-14,1175,2
1176,B-26928,2023-06-22,1176,4
1177,B-25905,2023-03-21,1177,4
1178,B-26739,2020-12-13,1178,1
1179,B-26739,2024-05-29,1179,1
1180,B-25697,2021-05-25,1180,2
1181,B-25234,2024-04-02,1181,1
1182,B-25234,2022-12-03,1182,1
1183,B-25665,2021-07-12,1183,2
1184,B-25665,2020-03-22,1184,2
1185,B-25028,2020-08-09,1185,1
1186,B-26659,2022-02-18,1186,4
1187,B-25966,2021-06-14,1187,2
1188,B-25966,2021-03-01,1188,2
1189,B-25350,2023-09-23,1189,2
1190,B-26370,2024-07-31,1190,2
1191,B-26298,2020-06-02,1191,3
1192,B-26298,2022-12-15,1192,3
1193,B-26298,2020-08-07,1193,3
1194,B-25068,2024-10-26,1194,1
