order_details_id,order_pk,category_id,amount,profit,quantity
1,1,1,9726,1275,5
2,2,1,9726,1275,5
3,3,1,9726,1275,5
4,4,2,4975,1330,14
5,5,2,4975,1330,14
6,6,2,4975,1330,14
7,7,3,1525,185,12
8,8,3,1525,185,12
9,9,4,883,117,10
10,10,5,8127,3551,16
11,11,6,2516,734,19
12,12,3,2975,462,14
13,13,7,6851,2812,1
14,14,8,7626,1046,15
15,15,5,1023,78,9
16,16,3,7600,1098,10
17,17,9,7501,262,18
18,18,9,725,133,6
19,19,5,7201,2685,2
20,20,9,1629,265,1
21,21,9,1629,265,1
22,22,10,8971,2971,19
23,23,10,2939,894,20
24,24,11,9380,414,11
25,25,10,8558,1644,18
26,26,9,4080,72,17
27,27,1,4206,1821,17
28,28,10,5219,1180,20
29,29,10,5219,1180,20
30,30,3,3686,760,20
31,31,3,3686,760,20
32,32,9,6045,1606,4
33,33,3,9337,554,11
34,34,11,4051,1848,12
35,35,11,4051,1848,12
36,36,12,5011,866,11
37,37,12,5011,866,11
38,38,8,3958,630,15
39,39,5,3132,963,1
40,40,7,7784,2937,12
41,41,3,5591,1696,3
42,42,1,5122,2413,12
43,43,10,8293,2632,8
44,44,10,8293,2632,8
45,45,10,8293,2632,8
46,46,11,2863,205,17
47,47,11,2863,205,17
48,48,11,2863,205,17
49,49,5,3090,573,6
50,50,5,3090,573,6
51,51,5,3090,573,6
52,52,5,3090,573,6
53,53,2,9683,1014,5
54,54,2,9683,1014,5
55,55,2,9683,1014,5
56,56,2,9683,1014,5
57,57,5,2463,648,18
58,58,8,7811,1538,12
59,59,5,6139,451,10
60,60,5,6139,451,10
61,61,6,8636,3192,3
62,62,6,8636,3192,3
63,63,8,4439,1712,19
64,64,8,4439,1712,19
65,65,5,1016,172,20
66,66,5,5768,2059,14
67,67,5,1217,151,3
68,68,9,953,93,2
69,69,9,953,93,2
70,70,8,7355,1034,3
71,71,8,7355,1034,3
72,72,11,1843,248,3
73,73,11,1843,248,3
74,74,3,1603,361,10
75,75,3,1603,361,10
76,76,3,2025,528,1
77,77,10,6800,167,16
78,78,12,1126,55,1
79,79,12,1126,55,1
80,80,5,7533,3508,12
81,81,10,4734,1178,16
82,82,1,4074,1175,6
83,83,8,2334,484,3
84,84,11,2750,1239,11
85,85,11,2750,1239,11
86,86,3,8639,3104,19
87,87,3,8639,3104,19
88,88,7,3808,1192,4
89,89,3,2588,705,16
90,90,1,1591,727,5
91,91,1,1591,727,5
92,92,1,1591,727,5
93,93,6,1757,622,10
94,94,6,1757,622,10
95,95,12,6940,253,15
96,96,2,5105,465,5
97,97,5,5578,277,16
98,98,5,5578,277,16
99,99,6,5224,1958,16
100,100,7,5002,1801,11
101,101,7,7380,1673,18
102,102,6,7595,2873,4
103,103,6,7595,2873,4
104,104,8,1954,294,7
105,105,2,523,95,20
106,106,4,5704,714,13
107,107,4,5704,714,13
108,108,5,8797,1010,8
109,109,5,8797,1010,8
110,110,4,9236,2899,5
111,111,4,9236,2899,5
112,112,8,9109,586,17
113,113,11,4358,526,19
114,114,11,4358,526,19
115,115,11,6459,825,8
116,116,11,6459,825,8
117,117,12,2478,92,12
118,118,12,2478,92,12
119,119,12,2478,92,12
120,120,12,2478,92,12
121,121,3,9992,3696,20
122,122,3,9992,3696,20
123,123,3,9992,3696,20
124,124,10,9619,3420,7
125,125,10,9619,3420,7
126,126,10,9619,3420,7
127,127,2,9538,3158,20
128,128,2,9538,3158,20
129,129,6,9035,1227,14
130,130,6,9035,1227,14
131,131,9,2684,670,2
132,132,8,822,147,5
133,133,6,9730,2341,2
134,134,1,2483,236,2
135,135,10,1297,600,7
136,136,11,7909,1942,19
137,137,5,9768,4518,8
138,138,8,4968,934,5
139,139,4,1731,149,4
140,140,10,3433,1169,10
141,141,10,3433,1169,10
142,142,10,3433,1169,10
143,143,10,3887,1490,1
144,144,10,3887,1490,1
145,145,10,3887,1490,1
146,146,7,1801,641,20
147,147,5,5301,817,10
148,148,9,1166,520,12
149,149,9,3196,1411,15
150,150,6,3428,350,1
151,151,10,7223,2433,12
152,152,3,3731,647,1
153,153,3,8903,4401,18
154,154,11,6009,2107,7
155,155,11,6009,2107,7
156,156,5,2858,230,3
157,157,5,2858,230,3
158,158,8,8175,525,7
159,159,8,8175,525,7
160,160,8,5846,586,18
161,161,8,5846,586,18
162,162,4,706,197,11
163,163,5,9835,2571,16
164,164,5,9835,2571,16
165,165,5,9835,2571,16
166,166,7,9691,3056,13
167,167,7,9691,3056,13
168,168,7,9691,3056,13
169,169,12,7826,1221,14
170,170,12,7826,1221,14
171,171,12,7826,1221,14
172,172,8,770,241,11
173,173,8,770,241,11
174,174,12,9895,1598,20
175,175,9,6517,1581,10
176,176,9,6517,1581,10
177,177,5,1166,349,11
178,178,5,1166,349,11
179,179,6,9820,793,16
180,180,10,8563,2624,8
181,181,2,4441,281,20
182,182,9,7340,2271,8
183,183,11,5442,1610,1
184,184,5,1895,391,14
185,185,10,5323,322,13
186,186,7,8850,279,13
187,187,9,8667,1266,6
188,188,5,6903,105,1
189,189,3,8793,3010,7
190,190,9,9883,4812,16
191,191,9,9883,4812,16
192,192,9,9883,4812,16
193,193,9,5210,1185,7
194,194,9,5210,1185,7
195,195,9,5210,1185,7
196,196,2,3574,851,4
197,197,8,576,76,13
198,198,2,1860,457,13
199,199,3,782,374,8
200,200,4,4371,1852,1
201,201,11,8346,1176,1
202,202,11,8346,1176,1
203,203,11,8346,1176,1
204,204,5,6218,1125,5
205,205,5,6218,1125,5
206,206,5,6218,1125,5
207,207,2,5167,253,14
208,208,2,5167,253,14
209,209,2,5167,253,14
210,210,8,2799,1239,5
211,211,8,2799,1239,5
212,212,8,2799,1239,5
213,213,7,3234,1029,20
214,214,5,4920,775,12
215,215,12,9078,2213,15
216,216,12,8586,3826,7
217,217,12,8586,3826,7
218,218,8,5047,2211,13
219,219,8,5047,2211,13
220,220,8,5047,2211,13
221,221,8,5047,2211,13
222,222,8,3657,163,1
223,223,1,6471,2842,18
224,224,10,949,301,9
225,225,10,6823,771,6
226,226,5,4364,831,2
227,227,11,6671,2797,10
228,228,9,7472,1037,3
229,229,2,9548,1806,9
230,230,2,7759,3741,17
231,231,2,7759,3741,17
232,232,7,7521,3457,16
233,233,7,7521,3457,16
234,234,3,9704,4339,12
235,235,2,4948,2356,18
236,236,1,6435,334,10
237,237,7,9965,3033,16
238,238,7,9965,3033,16
239,239,8,1523,234,3
240,240,1,9073,424,7
241,241,4,6447,3079,20
242,242,1,8947,2807,6
243,243,3,914,400,8
244,244,9,1548,666,3
245,245,5,2759,1149,6
246,246,4,1341,615,4
247,247,1,9851,2669,19
248,248,1,9851,2669,19
249,249,1,9851,2669,19
250,250,5,9989,3930,14
251,251,5,9989,3930,14
252,252,5,9989,3930,14
253,253,5,7421,958,10
254,254,5,7421,958,10
255,255,5,7421,958,10
256,256,9,3099,479,1
257,257,11,2521,906,7
258,258,1,6962,3429,12
259,259,1,6962,3429,12
260,260,12,1085,301,20
261,261,6,738,342,2
262,262,6,738,342,2
263,263,6,738,342,2
264,264,6,738,342,2
265,265,1,1366,242,17
266,266,7,1518,155,13
267,267,11,2962,1470,1
268,268,11,2962,1470,1
269,269,2,7131,718,12
270,270,2,7131,718,12
271,271,7,4200,855,10
272,272,7,4200,855,10
273,273,7,5934,1563,2
274,274,2,2701,322,11
275,275,9,7273,2702,18
276,276,7,2465,699,18
277,277,7,3479,1087,2
278,278,2,5457,1765,7
279,279,7,4957,1152,8
280,280,3,4404,858,17
281,281,8,8776,2529,15
282,282,11,9536,1437,9
283,283,8,2225,589,7
284,284,12,9574,4045,19
285,285,1,4382,482,17
286,286,4,8200,257,19
287,287,8,9316,3003,13
288,288,1,6379,3128,15
289,289,7,3348,568,5
290,290,7,3348,568,5
291,291,3,8856,2020,9
292,292,3,8856,2020,9
293,293,8,1760,619,16
294,294,8,1760,619,16
295,295,2,6351,986,15
296,296,2,6351,986,15
297,297,9,869,373,14
298,298,9,869,373,14
299,299,12,1486,114,7
300,300,12,1486,114,7
301,301,10,2999,145,13
302,302,9,5142,1916,20
303,303,4,1239,575,17
304,304,4,1239,575,17
305,305,1,1262,515,16
306,306,1,1262,515,16
307,307,12,1033,254,5
308,308,2,1518,159,19
309,309,9,8581,2444,2
310,310,9,8581,2444,2
311,311,3,1167,463,5
312,312,4,2841,803,20
313,313,5,5680,2159,19
314,314,3,8204,2382,6
315,315,3,8204,2382,6
316,316,11,2850,904,6
317,317,11,2850,904,6
318,318,3,907,391,9
319,319,3,2174,265,19
320,320,1,8541,2029,12
321,321,12,1931,551,3
322,322,1,1281,340,3
323,323,4,2404,253,15
324,324,8,2119,196,1
325,325,3,3137,571,9
326,326,5,2323,727,7
327,327,12,1368,406,9
328,328,4,9204,3289,16
329,329,4,9204,3289,16
330,330,9,9894,3698,20
331,331,9,9894,3698,20
332,332,8,5322,1423,18
333,333,8,5322,1423,18
334,334,6,2666,559,14
335,335,8,8383,937,4
336,336,9,7560,821,4
337,337,8,1314,490,16
338,338,5,4390,179,1
339,339,10,1150,58,7
340,340,3,1574,258,17
341,341,10,5635,318,17
342,342,8,6515,961,11
343,343,4,1231,214,20
344,344,4,1231,214,20
345,345,10,6891,2529,3
346,346,4,7524,2308,15
347,347,2,6864,1824,14
348,348,6,4215,432,14
349,349,12,622,218,19
350,350,3,1755,495,18
351,351,1,8020,3898,20
352,352,4,7333,1576,4
353,353,1,7690,1134,4
354,354,8,912,246,2
355,355,4,2791,894,14
356,356,4,2791,894,14
357,357,4,2791,894,14
358,358,8,6223,1478,3
359,359,8,6223,1478,3
360,360,8,6223,1478,3
361,361,6,8943,3121,17
362,362,6,8943,3121,17
363,363,6,8943,3121,17
364,364,11,3297,102,12
365,365,11,3297,102,12
366,366,11,3297,102,12
367,367,9,8769,1989,20
368,368,2,9057,1888,19
369,369,5,6864,3275,11
370,370,4,9200,809,13
371,371,4,6113,2508,6
372,372,5,7733,2784,15
373,373,5,8524,154,14
374,374,12,6187,2344,15
375,375,5,4364,148,18
376,376,3,736,286,12
377,377,3,9905,633,17
378,378,3,9905,633,17
379,379,9,2493,1221,9
380,380,3,9849,963,1
381,381,2,3423,804,4
382,382,2,3423,804,4
383,383,2,3423,804,4
384,384,2,3423,804,4
385,385,2,3423,804,4
386,386,6,3900,115,9
387,387,1,8568,2419,11
388,388,3,3283,71,6
389,389,1,7643,3720,19
390,390,8,3461,1537,15
391,391,1,5714,1438,6
392,392,10,3853,1457,10
393,393,3,6016,431,20
394,394,7,1290,204,12
395,395,7,1290,204,12
396,396,2,4569,1693,10
397,397,12,3083,1151,16
398,398,3,3522,898,15
399,399,3,3522,898,15
400,400,10,7301,3602,3
401,401,4,4462,121,8
402,402,11,6212,1881,17
403,403,12,4027,1386,3
404,404,4,1676,330,14
405,405,12,3927,1133,12
406,406,11,2776,887,9
407,407,8,7684,1157,12
408,408,8,7684,1157,12
409,409,8,7684,1157,12
410,410,11,6008,2498,17
411,411,12,7344,2598,20
412,412,3,6932,3218,20
413,413,1,7748,1706,16
414,414,7,6381,2763,20
415,415,11,992,64,6
416,416,4,8649,2631,13
417,417,4,8649,2631,13
418,418,4,4099,52,18
419,419,1,2539,324,5
420,420,9,9845,3062,9
421,421,9,2901,1411,2
422,422,9,2901,1411,2
423,423,3,6934,1152,6
424,424,3,6934,1152,6
425,425,12,9640,2606,2
426,426,6,7930,1981,13
427,427,6,7930,1981,13
428,428,10,9894,829,1
429,429,5,4534,2235,4
430,430,11,4911,186,20
431,431,12,531,189,20
432,432,1,9707,3483,10
433,433,9,8521,2584,7
434,434,10,8438,3427,12
435,435,1,1689,109,9
436,436,9,3936,1626,14
437,437,11,7664,1753,19
438,438,4,721,258,13
439,439,4,721,258,13
440,440,4,8364,3055,17
441,441,4,8364,3055,17
442,442,12,5234,2021,15
443,443,12,5234,2021,15
444,444,11,3944,1559,18
445,445,3,6711,1045,12
446,446,5,5031,714,4
447,447,10,6295,2469,14
448,448,9,9654,4111,1
449,449,10,3112,1065,20
450,450,11,7838,1142,13
451,451,11,9300,3146,6
452,452,9,1733,133,17
453,453,10,874,235,15
454,454,10,874,235,15
455,455,3,1248,584,13
456,456,3,1248,584,13
457,457,7,3669,154,14
458,458,7,3669,154,14
459,459,9,514,109,15
460,460,9,514,109,15
461,461,11,3273,85,16
462,462,6,5035,2008,2
463,463,2,7702,60,19
464,464,2,9884,4446,7
465,465,4,5564,175,11
466,466,4,5564,175,11
467,467,4,5564,175,11
468,468,1,3953,1776,15
469,469,1,3953,1776,15
470,470,1,3953,1776,15
471,471,2,6488,1591,18
472,472,2,6488,1591,18
473,473,1,7856,3699,17
474,474,3,1165,51,3
475,475,7,9386,2555,20
476,476,7,9386,2555,20
477,477,3,3956,142,12
478,478,3,3956,142,12
479,479,12,6449,2628,11
480,480,12,6449,2628,11
481,481,7,6255,437,18
482,482,1,2109,681,20
483,483,11,6707,1041,20
484,484,3,7633,184,13
485,485,3,975,224,18
486,486,5,4492,1450,7
487,487,6,7957,2834,12
488,488,5,4906,975,7
489,489,3,1379,250,3
490,490,4,4244,340,10
491,491,12,5911,2333,14
492,492,12,5911,2333,14
493,493,7,1818,738,11
494,494,7,1818,738,11
495,495,9,2140,970,4
496,496,9,2140,970,4
497,497,9,2140,970,4
498,498,4,2670,1026,1
499,499,4,2670,1026,1
500,500,4,2670,1026,1
501,501,4,1108,167,18
502,502,10,9776,3750,9
503,503,12,535,72,6
504,504,9,7564,3463,5
505,505,9,7564,3463,5
506,506,9,7564,3463,5
507,507,9,7564,3463,5
508,508,1,3409,1605,20
509,509,1,3409,1605,20
510,510,1,3409,1605,20
511,511,1,3409,1605,20
512,512,3,9751,2459,13
513,513,2,6385,2656,11
514,514,2,6385,2656,11
515,515,1,6355,1335,15
516,516,1,6355,1335,15
517,517,2,7377,320,15
518,518,7,2054,371,12
519,519,6,7497,319,18
520,520,1,2565,983,20
521,521,3,5024,1544,19
522,522,10,8243,1346,15
523,523,9,7792,1403,13
524,524,9,7792,1403,13
525,525,9,7792,1403,13
526,526,6,2346,388,14
527,527,6,2346,388,14
528,528,6,2346,388,14
529,529,8,7346,1043,10
530,530,1,9770,4132,7
531,531,4,7179,683,13
532,532,11,5449,2389,2
533,533,6,2895,104,6
534,534,6,2895,104,6
535,535,6,697,116,1
536,536,6,697,116,1
537,537,6,6145,1414,4
538,538,2,2504,440,18
539,539,11,3124,138,16
540,540,1,6934,1226,1
541,541,1,6934,1226,1
542,542,7,4202,1171,3
543,543,7,4202,1171,3
544,544,7,4202,1171,3
545,545,7,4202,1171,3
546,546,2,2239,828,1
547,547,2,2239,828,1
548,548,11,2450,1002,4
549,549,11,2450,1002,4
550,550,6,9827,4208,13
551,551,8,8077,240,15
552,552,11,5152,2045,14
553,553,11,5152,2045,14
554,554,11,5152,2045,14
555,555,11,5152,2045,14
556,556,7,2542,190,1
557,557,7,8102,1800,5
558,558,7,8102,1800,5
559,559,7,8102,1800,5
560,560,5,3234,1274,10
561,561,5,3234,1274,10
562,562,5,3234,1274,10
563,563,5,6200,2321,18
564,564,5,6200,2321,18
565,565,4,4470,413,13
566,566,3,916,362,7
567,567,3,916,362,7
568,568,8,1165,302,20
569,569,8,1165,302,20
570,570,6,7846,677,12
571,571,6,7846,677,12
572,572,3,3022,384,1
573,573,3,3022,384,1
574,574,1,5266,1111,13
575,575,1,5266,1111,13
576,576,3,4853,1764,9
577,577,3,4853,1764,9
578,578,3,9832,1270,1
579,579,3,796,153,15
580,580,6,883,127,7
581,581,12,4539,1155,8
582,582,10,9659,2226,16
583,583,2,9562,325,2
584,584,4,4688,1841,3
585,585,4,4688,1841,3
586,586,11,7900,482,4
587,587,12,6967,3257,17
588,588,9,1091,277,6
589,589,10,6027,1530,2
590,590,5,4852,218,2
591,591,5,4852,218,2
592,592,5,4852,218,2
593,593,8,4314,1453,6
594,594,3,3288,1477,3
595,595,3,3288,1477,3
596,596,10,3977,813,5
597,597,2,6252,1377,2
598,598,3,9084,3253,12
599,599,11,8994,1481,15
600,600,7,1089,176,16
601,601,10,6690,1001,19
602,602,10,6690,1001,19
603,603,12,4985,1920,10
604,604,12,4985,1920,10
605,605,1,8590,3565,15
606,606,5,6973,3038,10
607,607,2,4591,1941,19
608,608,3,9612,2572,17
609,609,6,5343,655,1
610,610,7,6956,318,20
611,611,5,5306,2405,17
612,612,8,8982,448,17
613,613,9,4826,562,5
614,614,3,972,106,15
615,615,7,3665,802,4
616,616,7,3665,802,4
617,617,3,9808,2117,2
618,618,6,1133,73,17
619,619,6,1133,73,17
620,620,12,6248,1168,19
621,621,12,6248,1168,19
622,622,1,5666,2733,17
623,623,7,4171,1450,18
624,624,2,6236,2839,7
625,625,2,6236,2839,7
626,626,6,5410,2456,8
627,627,6,5410,2456,8
628,628,8,3024,1353,1
629,629,8,3024,1353,1
630,630,7,7434,2851,5
631,631,1,7213,508,19
632,632,1,7213,508,19
633,633,5,3176,586,9
634,634,5,3176,586,9
635,635,10,9144,2220,18
636,636,5,4146,865,19
637,637,5,3793,875,7
638,638,8,7169,2385,11
639,639,6,4046,417,18
640,640,11,4164,905,11
641,641,5,5389,2196,5
642,642,8,5448,2204,5
643,643,8,4115,1285,1
644,644,5,4761,2231,12
645,645,10,5899,2264,6
646,646,6,6109,3040,9
647,647,6,6109,3040,9
648,648,1,4628,1491,17
649,649,1,4628,1491,17
650,650,3,4369,584,13
651,651,3,4369,584,13
652,652,8,5632,2358,20
653,653,8,5632,2358,20
654,654,8,5632,2358,20
655,655,9,7519,402,14
656,656,1,1564,674,13
657,657,1,2804,936,10
658,658,1,2804,936,10
659,659,1,2804,936,10
660,660,6,2321,505,6
661,661,4,5730,482,6
662,662,8,7441,867,12
663,663,8,7441,867,12
664,664,10,1732,766,7
665,665,9,8788,3944,19
666,666,7,838,271,11
667,667,7,838,271,11
668,668,5,3577,699,2
669,669,5,3577,699,2
670,670,11,7122,1836,6
671,671,11,7122,1836,6
672,672,11,7122,1836,6
673,673,7,7327,2596,15
674,674,7,7327,2596,15
675,675,7,7327,2596,15
676,676,2,2239,1094,18
677,677,7,4932,1153,1
678,678,2,4609,1084,8
679,679,9,2328,788,4
680,680,2,4734,958,7
681,681,8,1388,345,5
682,682,4,8555,1638,8
683,683,5,9024,730,4
684,684,4,2468,418,4
685,685,1,9438,1801,4
686,686,1,9438,1801,4
687,687,11,2685,379,18
688,688,11,2685,379,18
689,689,6,9916,4602,14
690,690,6,9916,4602,14
691,691,1,6184,50,14
692,692,1,6184,50,14
693,693,7,4548,2135,8
694,694,7,4548,2135,8
695,695,7,7195,1665,7
696,696,7,7195,1665,7
697,697,12,3098,957,18
698,698,5,5412,1192,18
699,699,5,5412,1192,18
700,700,6,1397,686,11
701,701,6,9279,552,14
702,702,6,9279,552,14
703,703,9,2596,1003,19
704,704,9,2596,1003,19
705,705,12,6732,911,19
706,706,3,4495,1408,14
707,707,9,9653,2471,6
708,708,5,8945,1728,10
709,709,12,4007,201,13
710,710,12,4007,201,13
711,711,12,810,231,18
712,712,12,9789,2071,18
713,713,1,9229,4090,8
714,714,7,8141,3968,18
715,715,7,8141,3968,18
716,716,8,1067,251,14
717,717,8,1067,251,14
718,718,10,3839,1415,10
719,719,10,3839,1415,10
720,720,1,2858,482,13
721,721,12,2137,638,12
722,722,6,2831,1289,12
723,723,8,3913,961,15
724,724,8,3913,961,15
725,725,9,4468,1940,9
726,726,4,1579,602,9
727,727,4,1579,602,9
728,728,4,1579,602,9
729,729,4,1579,602,9
730,730,6,3760,1849,19
731,731,6,3760,1849,19
732,732,6,3760,1849,19
733,733,6,3760,1849,19
734,734,3,8706,3099,14
735,735,1,4708,696,14
736,736,6,8089,3132,17
737,737,2,5462,673,12
738,738,1,6392,444,18
739,739,1,8706,1724,3
740,740,3,2349,319,4
741,741,6,8220,3882,14
742,742,6,2379,279,7
743,743,7,7377,2049,4
744,744,5,717,158,16
745,745,5,717,158,16
746,746,5,717,158,16
747,747,5,717,158,16
748,748,5,717,158,16
749,749,5,717,158,16
750,750,8,508,177,17
751,751,8,508,177,17
752,752,8,508,177,17
753,753,8,508,177,17
754,754,8,508,177,17
755,755,8,508,177,17
756,756,2,9382,1085,3
757,757,2,9382,1085,3
758,758,5,4936,576,19
759,759,5,4936,576,19
760,760,8,2663,64,19
761,761,8,2663,64,19
762,762,2,5151,1680,5
763,763,3,2514,95,8
764,764,4,6129,2976,2
765,765,12,4395,1663,3
766,766,6,5393,2642,8
767,767,11,2280,509,8
768,768,9,6596,1439,9
769,769,9,4510,1896,5
770,770,11,6077,2378,18
771,771,2,5379,2510,17
772,772,7,4629,1660,16
773,773,4,2710,555,20
774,774,10,3224,1018,14
775,775,7,8042,936,15
776,776,7,8042,936,15
777,777,10,3957,151,10
778,778,7,8769,3178,16
779,779,3,2957,917,16
780,780,9,5344,2607,6
781,781,9,5344,2607,6
782,782,4,6061,2121,19
783,783,4,6061,2121,19
784,784,5,5376,1928,7
785,785,2,2792,1008,8
786,786,10,2944,249,5
787,787,10,2944,249,5
788,788,7,4220,945,13
789,789,7,4220,945,13
790,790,10,8526,1704,4
791,791,12,8218,1430,19
792,792,11,599,265,4
793,793,11,599,265,4
794,794,12,2727,543,10
795,795,12,2727,543,10
796,796,3,2589,605,11
797,797,3,2589,605,11
798,798,1,3776,1100,9
799,799,1,3776,1100,9
800,800,12,5402,1666,12
801,801,3,5165,885,16
802,802,12,4863,2394,4
803,803,3,1626,258,15
804,804,5,8851,3962,7
805,805,5,9680,3295,9
806,806,3,8468,3666,8
807,807,6,4441,314,14
808,808,8,6622,2673,8
809,809,5,3260,207,17
810,810,5,8709,2322,8
811,811,5,8709,2322,8
812,812,10,5250,187,1
813,813,10,5250,187,1
814,814,9,4116,921,20
815,815,9,4116,921,20
816,816,9,1109,418,15
817,817,3,3573,562,7
818,818,3,3573,562,7
819,819,3,3573,562,7
820,820,11,8055,661,10
821,821,11,8055,661,10
822,822,11,8055,661,10
823,823,4,6829,2609,2
824,824,9,6390,3089,12
825,825,3,5831,1574,17
826,826,3,5831,1574,17
827,827,3,5831,1574,17
828,828,8,7952,3865,8
829,829,12,3659,379,5
830,830,3,4183,1159,4
831,831,11,7478,1381,11
832,832,11,702,238,9
833,833,6,4037,1494,15
834,834,6,5014,2332,2
835,835,4,9879,4930,15
836,836,11,8762,3502,1
837,837,3,8490,800,1
838,838,8,6951,164,10
839,839,11,1078,309,3
840,840,11,1078,309,3
841,841,10,8560,2166,19
842,842,1,1031,318,20
843,843,7,6402,2770,19
844,844,7,6402,2770,19
845,845,2,5916,1594,19
846,846,2,5916,1594,19
847,847,6,4015,1751,15
848,848,6,4015,1751,15
849,849,1,9335,557,11
850,850,10,4706,594,11
851,851,10,4706,594,11
852,852,7,6584,371,6
853,853,7,6584,371,6
854,854,8,6389,734,1
855,855,2,9869,4299,12
856,856,2,9869,4299,12
857,857,7,655,297,4
858,858,7,655,297,4
859,859,11,798,308,10
860,860,11,798,308,10
861,861,2,7967,2504,13
862,862,2,7967,2504,13
863,863,5,3756,1318,5
864,864,7,5196,2477,1
865,865,12,6586,1794,19
866,866,7,6673,950,19
867,867,5,714,232,14
868,868,5,714,232,14
869,869,3,1083,501,6
870,870,12,2401,1163,10
871,871,12,2401,1163,10
872,872,12,2401,1163,10
873,873,11,1045,267,11
874,874,11,1045,267,11
875,875,11,1045,267,11
876,876,7,7806,1127,1
877,877,8,5263,1743,19
878,878,3,6147,2526,6
879,879,11,7484,2871,15
880,880,11,7484,2871,15
881,881,8,7700,2712,1
882,882,8,7700,2712,1
883,883,7,8537,3586,13
884,884,6,8858,3394,6
885,885,2,5313,2037,7
886,886,2,5313,2037,7
887,887,8,3281,471,7
888,888,8,3281,471,7
889,889,3,8681,2458,9
890,890,8,6195,1556,18
891,891,6,3877,481,16
892,892,6,3877,481,16
893,893,2,9369,3297,6
894,894,2,9369,3297,6
895,895,2,8680,4068,20
896,896,2,8680,4068,20
897,897,4,3067,1475,8
898,898,4,3067,1475,8
899,899,7,9002,4197,2
900,900,7,9002,4197,2
901,901,3,7105,2782,19
902,902,6,5317,1345,18
903,903,6,5317,1345,18
904,904,6,5317,1345,18
905,905,5,6304,766,14
906,906,5,6304,766,14
907,907,5,6304,766,14
908,908,9,9565,1691,3
909,909,9,8245,324,11
910,910,4,1592,480,13
911,911,11,8400,267,5
912,912,9,4963,1254,15
913,913,2,2472,211,5
914,914,6,9132,3096,14
915,915,10,8305,1577,6
916,916,1,1010,58,19
917,917,11,4544,1726,9
918,918,11,5900,1738,20
919,919,7,8861,3381,19
920,920,11,8158,2052,13
921,921,3,3411,1704,14
922,922,7,9406,1137,16
923,923,2,1156,74,15
924,924,12,5354,743,10
925,925,1,8780,3430,4
926,926,1,8780,3430,4
927,927,8,6783,3306,8
928,928,3,1778,285,4
929,929,2,9399,1949,12
930,930,8,7957,965,4
931,931,6,1638,661,13
932,932,5,1786,224,4
933,933,9,4751,781,9
934,934,9,8979,4477,4
935,935,11,2727,663,8
936,936,2,1093,397,17
937,937,2,1093,397,17
938,938,2,1093,397,17
939,939,9,2636,88,11
940,940,9,2636,88,11
941,941,9,2636,88,11
942,942,1,7344,2251,7
943,943,9,7306,1547,3
944,944,2,5832,2588,10
945,945,5,8572,2041,8
946,946,5,8572,2041,8
947,947,5,8572,2041,8
948,948,2,8059,1834,10
949,949,2,8059,1834,10
950,950,2,8059,1834,10
951,951,8,3661,436,13
952,952,9,2451,342,8
953,953,9,2451,342,8
954,954,9,2451,342,8
955,955,5,7067,1943,16
956,956,1,4307,615,3
957,957,1,4307,615,3
958,958,6,5694,1134,5
959,959,6,5694,1134,5
960,960,10,962,298,18
961,961,12,2995,220,14
962,962,7,2047,914,5
963,963,4,2078,612,6
964,964,2,2737,1253,3
965,965,9,8194,2881,6
966,966,8,9914,3858,16
967,967,8,9914,3858,16
968,968,3,5470,292,7
969,969,3,5470,292,7
970,970,12,1496,662,17
971,971,12,1496,662,17
972,972,9,3228,476,9
973,973,4,3918,749,8
974,974,4,3918,749,8
975,975,8,9921,1451,15
976,976,6,9694,4361,1
977,977,9,5028,1553,13
978,978,9,594,67,19
979,979,9,594,67,19
980,980,9,594,67,19
981,981,5,5954,2618,11
982,982,12,3518,1051,3
983,983,4,4157,1874,8
984,984,7,3747,410,5
985,985,7,3747,410,5
986,986,7,3747,410,5
987,987,7,3747,410,5
988,988,7,3747,410,5
989,989,10,3194,534,4
990,990,10,3194,534,4
991,991,10,3194,534,4
992,992,10,3194,534,4
993,993,10,3194,534,4
994,994,10,8548,2305,1
995,995,5,6089,139,19
996,996,5,6089,139,19
997,997,5,6089,139,19
998,998,5,2586,800,16
999,999,5,2586,800,16
1000,1000,5,2586,800,16
1001,1001,9,3757,1626,9
1002,1002,9,3757,1626,9
1003,1003,9,3757,1626,9
1004,1004,8,5193,2530,5
1005,1005,8,5193,2530,5
1006,1006,1,7493,96,3
1007,1007,7,2062,848,6
1008,1008,11,7163,1536,1
1009,1009,11,4026,163,6
1010,1010,6,1894,275,5
1011,1011,1,7144,192,13
1012,1012,4,3482,1554,15
1013,1013,9,4172,235,5
1014,1014,9,4172,235,5
1015,1015,9,4172,235,5
1016,1016,8,6265,155,8
1017,1017,8,6265,155,8
1018,1018,1,2931,212,7
1019,1019,1,2931,212,7
1020,1020,6,1146,188,9
1021,1021,2,9215,767,13
1022,1022,2,9215,767,13
1023,1023,6,7895,1005,1
1024,1024,6,7895,1005,1
1025,1025,3,2740,558,8
1026,1026,3,2740,558,8
1027,1027,7,5338,1354,16
1028,1028,7,5338,1354,16
1029,1029,7,5338,1354,16
1030,1030,7,5338,1354,16
1031,1031,3,3095,941,2
1032,1032,3,3095,941,2
1033,1033,2,6017,2230,13
1034,1034,3,4904,469,2
1035,1035,10,3080,737,6
1036,1036,11,1992,355,2
1037,1037,8,5346,1246,17
1038,1038,8,5346,1246,17
1039,1039,2,8422,893,18
1040,1040,2,8422,893,18
1041,1041,12,6105,1447,8
1042,1042,12,6105,1447,8
1043,1043,3,670,85,9
1044,1044,4,4057,1012,6
1045,1045,3,8178,2462,10
1046,1046,5,8752,1686,9
1047,1047,5,8752,1686,9
1048,1048,5,8752,1686,9
1049,1049,2,8974,4441,16
1050,1050,11,9090,3098,16
1051,1051,11,9090,3098,16
1052,1052,1,851,356,11
1053,1053,1,851,356,11
1054,1054,11,5427,728,3
1055,1055,12,2695,914,15
1056,1056,12,2695,914,15
1057,1057,3,2386,999,3
1058,1058,3,2284,149,20
1059,1059,11,6034,608,8
1060,1060,12,8956,3359,13
1061,1061,7,7122,1982,7
1062,1062,7,9775,4507,5
1063,1063,12,3309,177,13
1064,1064,1,4163,897,14
1065,1065,1,4163,897,14
1066,1066,1,4163,897,14
1067,1067,8,5518,867,7
1068,1068,11,7566,606,6
1069,1069,11,7566,606,6
1070,1070,2,762,92,11
1071,1071,4,3316,126,6
1072,1072,12,5994,2826,9
1073,1073,12,5994,2826,9
1074,1074,12,5994,2826,9
1075,1075,4,3854,245,19
1076,1076,7,7019,2677,15
1077,1077,4,5954,2640,14
1078,1078,4,5954,2640,14
1079,1079,12,9752,3618,5
1080,1080,12,9752,3618,5
1081,1081,1,5335,322,15
1082,1082,1,1454,80,20
1083,1083,12,6724,1539,19
1084,1084,12,6724,1539,19
1085,1085,10,9874,3895,4
1086,1086,11,4918,1485,7
1087,1087,9,3189,1180,19
1088,1088,1,2684,713,2
1089,1089,1,2684,713,2
1090,1090,1,2684,713,2
1091,1091,3,7626,229,5
1092,1092,3,7626,229,5
1093,1093,2,6669,3063,19
1094,1094,7,6123,1686,3
1095,1095,9,3265,1390,16
1096,1096,7,8104,1039,6
1097,1097,7,8104,1039,6
1098,1098,7,8104,1039,6
1099,1099,5,847,355,17
1100,1100,5,847,355,17
1101,1101,5,847,355,17
1102,1102,12,3129,55,9
1103,1103,4,7821,3821,13
1104,1104,11,9498,256,12
1105,1105,11,9498,256,12
1106,1106,8,5461,1214,7
1107,1107,12,3084,611,19
1108,1108,8,6087,3043,1
1109,1109,12,611,300,3
1110,1110,7,9909,2999,18
1111,1111,7,9909,2999,18
1112,1112,8,6485,3178,18
1113,1113,4,7259,1969,10
1114,1114,2,3333,700,18
1115,1115,8,7786,1202,4
1116,1116,11,7644,2428,6
1117,1117,12,1476,247,5
1118,1118,12,1476,247,5
1119,1119,8,3445,1405,16
1120,1120,4,9837,384,1
1121,1121,8,1314,457,8
1122,1122,4,5951,936,6
1123,1123,4,5951,936,6
1124,1124,11,992,177,6
1125,1125,7,4699,625,18
1126,1126,4,5557,2114,17
1127,1127,1,3436,933,3
1128,1128,2,9840,3870,11
1129,1129,9,7620,125,4
1130,1130,9,7620,125,4
1131,1131,5,4314,1591,5
1132,1132,4,8851,999,12
1133,1133,4,544,272,2
1134,1134,4,544,272,2
1135,1135,7,537,142,20
1136,1136,4,5944,2661,7
1137,1137,2,2258,135,18
1138,1138,2,2258,135,18
1139,1139,8,9609,4339,3
1140,1140,8,9609,4339,3
1141,1141,1,9952,3301,15
1142,1142,9,9873,4585,7
1143,1143,1,3560,1335,15
1144,1144,1,3560,1335,15
1145,1145,11,6528,76,9
1146,1146,8,8930,3374,12
1147,1147,9,4521,1778,9
1148,1148,8,7091,2317,10
1149,1149,3,2101,287,8
1150,1150,3,2101,287,8
1151,1151,9,8644,1968,9
1152,1152,5,6672,3319,4
1153,1153,5,6672,3319,4
1154,1154,10,4699,103,12
1155,1155,8,4897,1001,14
1156,1156,8,4897,1001,14
1157,1157,5,5460,2088,14
1158,1158,5,5460,2088,14
1159,1159,7,9272,1771,19
1160,1160,7,9272,1771,19
1161,1161,3,7870,1057,15
1162,1162,3,7870,1057,15
1163,1163,4,7992,893,12
1164,1164,4,7992,893,12
1165,1165,4,7992,893,12
1166,1166,1,6499,2189,18
1167,1167,1,6499,2189,18
1168,1168,3,8848,2090,9
1169,1169,7,8044,3634,3
1170,1170,7,8044,3634,3
1171,1171,12,7417,1334,16
1172,1172,7,3451,658,3
1173,1173,4,8531,2555,4
1174,1174,8,6646,848,15
1175,1175,8,6646,848,15
1176,1176,4,2553,907,6
1177,1177,11,8490,3485,3
1178,1178,5,2689,1330,3
1179,1179,5,2689,1330,3
1180,1180,5,815,54,14
1181,1181,9,5024,379,2
1182,1182,9,5024,379,2
1183,1183,1,8962,2444,18
1184,1184,1,8962,2444,18
1185,1185,10,1961,59,12
1186,1186,8,526,83,4
1187,1187,12,6093,3042,9
1188,1188,12,6093,3042,9
1189,1189,1,7699,246,5
1190,1190,5,8825,3594,15
1191,1191,11,2082,642,8
1192,1192,11,2082,642,8
1193,1193,11,2082,642,8
1194,1194,7,914,163,13
